Date,Adj Close,Close,High,Low,Open,Volume
2020-01-02,410.0,410.0,418.0,410.0,418.0,12800
2020-01-03,418.0,418.0,418.0,410.0,418.0,10100
2020-01-06,400.0,400.0,418.0,400.0,418.0,9600
2020-01-07,410.0,410.0,410.0,380.0,380.0,300
2020-01-08,410.0,410.0,410.0,410.0,410.0,0
2020-01-09,360.0,360.0,382.0,360.0,380.0,15200
2020-01-10,400.0,400.0,400.0,360.0,360.0,2600
2020-01-13,400.0,400.0,400.0,400.0,400.0,200
2020-01-14,400.0,400.0,400.0,400.0,400.0,400
2020-01-15,390.0,390.0,400.0,376.0,400.0,2200
2020-01-16,350.0,350.0,390.0,304.0,388.0,1600
2020-01-17,350.0,350.0,350.0,350.0,350.0,400
2020-01-20,350.0,350.0,350.0,350.0,350.0,0
2020-01-21,350.0,350.0,350.0,350.0,350.0,0
2020-01-22,350.0,350.0,350.0,350.0,350.0,200
2020-01-23,398.0,398.0,410.0,370.0,370.0,400
2020-01-24,398.0,398.0,450.0,390.0,418.0,7800
2020-01-27,398.0,398.0,398.0,398.0,398.0,0
2020-01-28,398.0,398.0,398.0,398.0,398.0,0
2020-01-29,430.0,430.0,448.0,430.0,448.0,200
2020-01-30,406.0,406.0,430.0,406.0,430.0,1300
2020-01-31,406.0,406.0,406.0,406.0,406.0,0
2020-02-03,318.0,318.0,350.0,312.0,312.0,18700
2020-02-04,334.0,334.0,338.0,334.0,338.0,300
2020-02-05,350.0,350.0,350.0,350.0,350.0,100
2020-02-06,330.0,330.0,370.0,330.0,370.0,5300
2020-02-07,328.0,328.0,328.0,328.0,328.0,100
2020-02-10,324.0,324.0,326.0,324.0,326.0,200
2020-02-11,340.0,340.0,344.0,338.0,344.0,5900
2020-02-12,294.0,294.0,294.0,268.0,268.0,400
2020-02-13,294.0,294.0,294.0,294.0,294.0,0
2020-02-14,280.0,280.0,280.0,230.0,230.0,400
2020-02-17,272.0,272.0,272.0,224.0,270.0,400
2020-02-18,312.0,312.0,312.0,312.0,312.0,900
2020-02-19,330.0,330.0,330.0,300.0,300.0,600
2020-02-20,330.0,330.0,330.0,330.0,330.0,500
2020-02-21,350.0,350.0,350.0,248.0,248.0,34800
2020-02-24,350.0,350.0,350.0,350.0,350.0,100
2020-02-25,376.0,376.0,400.0,270.0,348.0,1400
2020-02-26,396.0,396.0,396.0,396.0,396.0,100
2020-02-27,300.0,300.0,390.0,300.0,390.0,6800
2020-02-28,300.0,300.0,300.0,300.0,300.0,600
2020-03-02,300.0,300.0,300.0,300.0,300.0,0
2020-03-03,300.0,300.0,300.0,300.0,300.0,700
2020-03-04,300.0,300.0,300.0,300.0,300.0,0
2020-03-05,300.0,300.0,300.0,300.0,300.0,0
2020-03-06,300.0,300.0,300.0,300.0,300.0,0
2020-03-09,300.0,300.0,300.0,300.0,300.0,0
2020-03-10,284.0,284.0,300.0,284.0,300.0,200
2020-03-11,284.0,284.0,284.0,284.0,284.0,0
2020-03-12,284.0,284.0,284.0,284.0,284.0,0
2020-03-13,284.0,284.0,284.0,284.0,284.0,0
2020-03-16,270.0,270.0,272.0,270.0,272.0,1300
2020-03-17,254.0,254.0,254.0,254.0,254.0,100
2020-03-18,308.0,308.0,314.0,254.0,254.0,9200
2020-03-19,380.0,380.0,382.0,380.0,382.0,200
2020-03-20,380.0,380.0,380.0,380.0,380.0,100
2020-03-23,360.0,360.0,380.0,354.0,380.0,27500
2020-03-24,360.0,360.0,360.0,360.0,360.0,0
2020-03-26,338.0,338.0,360.0,338.0,338.0,1600
2020-03-27,318.0,318.0,318.0,318.0,318.0,1200
2020-03-30,300.0,300.0,300.0,298.0,298.0,200
2020-03-31,374.0,374.0,374.0,374.0,374.0,100
2020-04-01,394.0,394.0,394.0,394.0,394.0,100
2020-04-02,380.0,380.0,380.0,380.0,380.0,400
2020-04-03,380.0,380.0,380.0,380.0,380.0,0
2020-04-06,380.0,380.0,380.0,380.0,380.0,0
2020-04-07,366.0,366.0,366.0,366.0,366.0,400
2020-04-08,358.0,358.0,366.0,358.0,366.0,1200
2020-04-09,358.0,358.0,358.0,358.0,358.0,0
2020-04-13,358.0,358.0,358.0,358.0,358.0,0
2020-04-14,366.0,366.0,366.0,366.0,366.0,100
2020-04-15,358.0,358.0,358.0,358.0,358.0,100
2020-04-16,358.0,358.0,358.0,358.0,358.0,0
2020-04-17,358.0,358.0,358.0,358.0,358.0,0
2020-04-20,358.0,358.0,358.0,358.0,358.0,0
2020-04-21,440.0,440.0,446.0,358.0,358.0,3200
2020-04-22,460.0,460.0,460.0,460.0,460.0,100
2020-04-23,428.0,428.0,480.0,428.0,480.0,200
2020-04-24,428.0,428.0,428.0,428.0,428.0,0
2020-04-27,428.0,428.0,428.0,428.0,428.0,0
2020-04-28,428.0,428.0,428.0,428.0,428.0,0
2020-04-29,428.0,428.0,428.0,428.0,428.0,0
2020-04-30,428.0,428.0,428.0,428.0,428.0,0
2020-05-04,428.0,428.0,428.0,428.0,428.0,100
2020-05-05,428.0,428.0,428.0,428.0,428.0,0
2020-05-06,428.0,428.0,428.0,428.0,428.0,0
2020-05-08,400.0,400.0,400.0,400.0,400.0,900
2020-05-11,400.0,400.0,400.0,400.0,400.0,0
2020-05-12,400.0,400.0,400.0,400.0,400.0,0
2020-05-13,400.0,400.0,400.0,400.0,400.0,300
2020-05-14,400.0,400.0,400.0,400.0,400.0,0
2020-05-15,400.0,400.0,400.0,400.0,400.0,0
2020-05-18,400.0,400.0,400.0,400.0,400.0,0
2020-05-19,400.0,400.0,400.0,400.0,400.0,0
2020-05-20,400.0,400.0,400.0,400.0,400.0,0
2020-05-26,400.0,400.0,400.0,400.0,400.0,0
2020-05-27,440.0,440.0,440.0,400.0,400.0,600
2020-05-28,410.0,410.0,440.0,410.0,440.0,600
2020-05-29,400.0,400.0,400.0,400.0,400.0,600
2020-06-02,400.0,400.0,400.0,400.0,400.0,0
2020-06-03,400.0,400.0,400.0,400.0,400.0,0
2020-06-04,400.0,400.0,400.0,400.0,400.0,0
2020-06-05,400.0,400.0,400.0,400.0,400.0,0
2020-06-08,386.0,386.0,386.0,386.0,386.0,600
2020-06-09,376.0,376.0,376.0,374.0,374.0,200
2020-06-10,388.0,388.0,388.0,388.0,388.0,100
2020-06-11,388.0,388.0,388.0,388.0,388.0,0
2020-06-12,388.0,388.0,388.0,388.0,388.0,0
2020-06-15,388.0,388.0,388.0,388.0,388.0,0
2020-06-16,388.0,388.0,388.0,388.0,388.0,0
2020-06-17,388.0,388.0,388.0,388.0,388.0,0
2020-06-18,388.0,388.0,388.0,388.0,388.0,0
2020-06-19,430.0,430.0,440.0,386.0,386.0,900
2020-06-22,430.0,430.0,430.0,430.0,430.0,100
2020-06-23,430.0,430.0,430.0,430.0,430.0,0
2020-06-24,430.0,430.0,430.0,430.0,430.0,0
2020-06-25,430.0,430.0,430.0,430.0,430.0,0
2020-06-26,430.0,430.0,430.0,430.0,430.0,0
2020-06-29,430.0,430.0,430.0,430.0,430.0,0
2020-06-30,430.0,430.0,430.0,430.0,430.0,0
2020-07-01,430.0,430.0,430.0,430.0,430.0,0
2020-07-02,430.0,430.0,430.0,430.0,430.0,0
2020-07-03,430.0,430.0,430.0,430.0,430.0,0
2020-07-06,400.0,400.0,430.0,400.0,400.0,9000
2020-07-07,430.0,430.0,430.0,372.0,372.0,900
2020-07-08,428.0,428.0,430.0,428.0,430.0,200
2020-07-09,428.0,428.0,428.0,428.0,428.0,0
2020-07-10,428.0,428.0,428.0,428.0,428.0,0
2020-07-13,428.0,428.0,428.0,428.0,428.0,0
2020-07-14,428.0,428.0,428.0,428.0,428.0,0
2020-07-15,428.0,428.0,428.0,428.0,428.0,0
2020-07-16,428.0,428.0,428.0,428.0,428.0,0
2020-07-17,428.0,428.0,428.0,428.0,428.0,0
2020-07-20,420.0,420.0,420.0,420.0,420.0,200
2020-07-21,420.0,420.0,420.0,420.0,420.0,0
2020-07-22,420.0,420.0,420.0,420.0,420.0,0
2020-07-23,420.0,420.0,420.0,420.0,420.0,0
2020-07-24,414.0,414.0,418.0,414.0,418.0,500
2020-07-27,414.0,414.0,414.0,414.0,414.0,0
2020-07-28,386.0,386.0,386.0,386.0,386.0,600
2020-07-29,376.0,376.0,376.0,376.0,376.0,1200
2020-07-30,360.0,360.0,370.0,360.0,370.0,3000
2020-08-03,362.0,362.0,372.0,362.0,362.0,4100
2020-08-04,366.0,366.0,366.0,366.0,366.0,400
2020-08-05,364.0,364.0,366.0,364.0,366.0,1200
2020-08-06,360.0,360.0,364.0,360.0,364.0,2600
2020-08-07,360.0,360.0,360.0,360.0,360.0,1200
2020-08-10,338.0,338.0,358.0,338.0,358.0,400
2020-08-11,316.0,316.0,336.0,316.0,318.0,1500
2020-08-12,332.0,332.0,336.0,294.0,316.0,31400
2020-08-13,332.0,332.0,332.0,332.0,332.0,0
2020-08-14,332.0,332.0,332.0,332.0,332.0,0
2020-08-18,316.0,316.0,322.0,310.0,322.0,2600
2020-08-19,316.0,316.0,316.0,316.0,316.0,0
2020-08-24,314.0,314.0,314.0,314.0,314.0,300
2020-08-25,300.0,300.0,314.0,300.0,314.0,700
2020-08-26,290.0,290.0,306.0,290.0,300.0,140800
2020-08-27,290.0,290.0,290.0,290.0,290.0,10600
2020-08-28,272.0,272.0,272.0,272.0,272.0,200
2020-08-31,272.0,272.0,274.0,272.0,274.0,52600
2020-09-01,254.0,254.0,272.0,254.0,272.0,200
2020-09-02,256.0,256.0,256.0,240.0,240.0,1300
2020-09-03,256.0,256.0,256.0,256.0,256.0,0
2020-09-04,260.0,260.0,260.0,260.0,260.0,500
2020-09-07,250.0,250.0,250.0,244.0,244.0,200
2020-09-08,250.0,250.0,250.0,250.0,250.0,100
2020-09-09,234.0,234.0,234.0,234.0,234.0,1600
2020-09-10,256.0,256.0,260.0,234.0,234.0,4300
2020-09-11,242.0,242.0,242.0,242.0,242.0,200
2020-09-14,242.0,242.0,242.0,240.0,240.0,2500
2020-09-15,230.0,230.0,242.0,230.0,242.0,200
2020-09-16,220.0,220.0,240.0,218.0,234.0,10700
2020-09-17,220.0,220.0,220.0,220.0,220.0,0
2020-09-18,230.0,230.0,230.0,230.0,230.0,800
2020-09-21,230.0,230.0,230.0,230.0,230.0,0
2020-09-22,230.0,230.0,230.0,214.0,214.0,300
2020-09-23,230.0,230.0,230.0,230.0,230.0,0
2020-09-24,230.0,230.0,230.0,230.0,230.0,0
2020-09-25,214.0,214.0,230.0,214.0,230.0,6400
2020-09-28,220.0,220.0,220.0,220.0,220.0,200
2020-09-29,228.0,228.0,228.0,228.0,228.0,100
2020-09-30,228.0,228.0,228.0,228.0,228.0,0
2020-10-01,220.0,220.0,220.0,220.0,220.0,300
2020-10-02,218.0,218.0,220.0,218.0,220.0,20200
2020-10-05,218.0,218.0,218.0,218.0,218.0,0
2020-10-06,218.0,218.0,218.0,218.0,218.0,1000
2020-10-07,212.0,212.0,270.0,204.0,238.0,5400
2020-10-08,214.0,214.0,214.0,214.0,214.0,1300
2020-10-09,220.0,220.0,262.0,202.0,202.0,29000
2020-10-12,274.0,274.0,274.0,220.0,220.0,101500
2020-10-13,274.0,274.0,324.0,256.0,256.0,56100
2020-10-14,268.0,268.0,272.0,256.0,256.0,6700
2020-10-15,250.0,250.0,252.0,250.0,250.0,31200
2020-10-16,234.0,234.0,264.0,234.0,234.0,11700
2020-10-19,218.0,218.0,246.0,218.0,220.0,40400
2020-10-20,216.0,216.0,216.0,216.0,216.0,300
2020-10-21,220.0,220.0,220.0,210.0,210.0,7500
2020-10-22,220.0,220.0,220.0,212.0,220.0,6800
2020-10-23,210.0,210.0,220.0,210.0,220.0,700
2020-10-26,204.0,204.0,262.0,204.0,210.0,24400
2020-10-27,210.0,210.0,210.0,204.0,210.0,18300
2020-11-02,214.0,214.0,218.0,210.0,210.0,12000
2020-11-03,230.0,230.0,250.0,214.0,214.0,11900
2020-11-04,252.0,252.0,284.0,218.0,218.0,24900
2020-11-05,236.0,236.0,252.0,236.0,252.0,8600
2020-11-06,248.0,248.0,248.0,220.0,234.0,2600
2020-11-09,260.0,260.0,260.0,232.0,248.0,87500
2020-11-10,322.0,322.0,324.0,260.0,280.0,10900
2020-11-11,310.0,310.0,322.0,310.0,322.0,11100
2020-11-12,296.0,296.0,308.0,290.0,290.0,12000
2020-11-13,292.0,292.0,296.0,292.0,296.0,400
2020-11-16,272.0,272.0,290.0,272.0,274.0,4300
2020-11-17,270.0,270.0,272.0,254.0,272.0,1900
2020-11-18,270.0,270.0,270.0,270.0,270.0,1300
2020-11-19,270.0,270.0,272.0,270.0,270.0,39000
2020-11-20,270.0,270.0,270.0,252.0,254.0,2300
2020-11-23,270.0,270.0,270.0,270.0,270.0,3900
2020-11-24,270.0,270.0,276.0,270.0,270.0,3500
2020-11-25,252.0,252.0,280.0,252.0,280.0,23100
2020-11-26,306.0,306.0,312.0,242.0,252.0,44100
2020-11-27,290.0,290.0,306.0,286.0,306.0,66600
2020-11-30,288.0,288.0,290.0,288.0,290.0,8100
2020-12-01,286.0,286.0,286.0,286.0,286.0,5000
2020-12-02,290.0,290.0,290.0,266.0,286.0,8200
2020-12-03,286.0,286.0,290.0,286.0,290.0,1800
2020-12-04,286.0,286.0,286.0,286.0,286.0,2700
2020-12-07,270.0,270.0,286.0,266.0,286.0,22200
2020-12-08,266.0,266.0,266.0,266.0,266.0,2200
2020-12-10,266.0,266.0,266.0,266.0,266.0,400
2020-12-11,260.0,260.0,266.0,260.0,266.0,1600
2020-12-14,260.0,260.0,260.0,248.0,260.0,6500
2020-12-15,260.0,260.0,260.0,260.0,260.0,2900
2020-12-16,248.0,248.0,324.0,244.0,244.0,29400
2020-12-17,286.0,286.0,298.0,248.0,252.0,72400
2020-12-18,272.0,272.0,286.0,272.0,286.0,41000
2020-12-21,260.0,260.0,272.0,260.0,272.0,64700
2020-12-22,278.0,278.0,278.0,260.0,260.0,204500
2020-12-23,308.0,308.0,322.0,270.0,278.0,34500
2020-12-28,288.0,288.0,300.0,288.0,300.0,58500
2020-12-29,276.0,276.0,306.0,268.0,306.0,29400
2020-12-30,262.0,262.0,276.0,262.0,272.0,3600
2021-01-04,246.0,246.0,260.0,246.0,258.0,19600
2021-01-05,248.0,248.0,248.0,246.0,246.0,300
2021-01-06,240.0,240.0,304.0,238.0,248.0,30500
2021-01-07,250.0,250.0,274.0,228.0,238.0,10600
2021-01-08,288.0,288.0,312.0,250.0,250.0,62300
2021-01-11,270.0,270.0,300.0,270.0,300.0,44700
2021-01-12,256.0,256.0,268.0,254.0,254.0,2600
2021-01-13,270.0,270.0,270.0,260.0,260.0,4700
2021-01-14,270.0,270.0,280.0,270.0,270.0,19200
2021-01-15,268.0,268.0,270.0,252.0,270.0,20700
2021-01-18,266.0,266.0,268.0,250.0,268.0,5300
2021-01-19,250.0,250.0,270.0,250.0,260.0,19400
2021-01-20,246.0,246.0,250.0,240.0,244.0,4400
2021-01-21,270.0,270.0,270.0,246.0,246.0,15200
2021-01-22,260.0,260.0,270.0,254.0,270.0,2700
2021-01-25,260.0,260.0,260.0,260.0,260.0,1300
2021-01-26,246.0,246.0,260.0,246.0,260.0,1800
2021-01-27,232.0,232.0,246.0,230.0,246.0,11000
2021-01-28,254.0,254.0,280.0,230.0,230.0,56300
2021-01-29,246.0,246.0,254.0,240.0,254.0,4700
2021-02-01,274.0,274.0,280.0,230.0,246.0,32000
2021-02-02,266.0,266.0,274.0,256.0,274.0,7300
2021-02-03,262.0,262.0,286.0,262.0,286.0,2700
2021-02-04,262.0,262.0,262.0,250.0,262.0,1700
2021-02-05,244.0,244.0,276.0,244.0,244.0,40600
2021-02-08,246.0,246.0,260.0,244.0,244.0,22800
2021-02-09,244.0,244.0,246.0,244.0,246.0,3600
2021-02-10,244.0,244.0,256.0,244.0,256.0,1600
2021-02-11,240.0,240.0,244.0,230.0,244.0,5100
2021-02-15,240.0,240.0,258.0,234.0,240.0,21300
2021-02-16,240.0,240.0,240.0,240.0,240.0,5100
2021-02-17,252.0,252.0,258.0,240.0,240.0,10800
2021-02-18,240.0,240.0,250.0,238.0,250.0,2100
2021-02-19,248.0,248.0,250.0,242.0,242.0,7400
2021-02-22,240.0,240.0,250.0,232.0,238.0,40400
2021-02-23,238.0,238.0,250.0,230.0,230.0,14600
2021-02-24,238.0,238.0,238.0,238.0,238.0,1400
2021-02-25,234.0,234.0,238.0,234.0,238.0,4100
2021-02-26,232.0,232.0,250.0,232.0,234.0,4900
2021-03-01,238.0,238.0,238.0,232.0,232.0,2000
2021-03-02,240.0,240.0,240.0,238.0,238.0,20200
2021-03-03,238.0,238.0,238.0,238.0,238.0,600
2021-03-04,238.0,238.0,248.0,238.0,248.0,10200
2021-03-05,238.0,238.0,238.0,238.0,238.0,1200
2021-03-08,246.0,246.0,250.0,232.0,238.0,476200
2021-03-09,240.0,240.0,246.0,240.0,246.0,22700
2021-03-10,232.0,232.0,240.0,232.0,240.0,5600
2021-03-12,238.0,238.0,238.0,234.0,234.0,12100
2021-03-15,240.0,240.0,240.0,238.0,238.0,25000
2021-03-16,234.0,234.0,242.0,234.0,242.0,8900
2021-03-17,242.0,242.0,242.0,234.0,234.0,27900
2021-03-18,246.0,246.0,250.0,238.0,244.0,61100
2021-03-19,246.0,246.0,254.0,246.0,254.0,6700
2021-03-22,246.0,246.0,246.0,244.0,246.0,6400
2021-03-23,246.0,246.0,246.0,244.0,244.0,2100
2021-03-24,234.0,234.0,258.0,232.0,246.0,10900
2021-03-25,234.0,234.0,254.0,234.0,234.0,3800
2021-03-26,242.0,242.0,254.0,234.0,234.0,16700
2021-03-29,232.0,232.0,278.0,232.0,242.0,44200
2021-03-30,232.0,232.0,276.0,232.0,232.0,4000
2021-03-31,248.0,248.0,274.0,234.0,260.0,61500
2021-04-01,238.0,238.0,262.0,236.0,248.0,12800
2021-04-05,238.0,238.0,264.0,238.0,250.0,16000
2021-04-06,238.0,238.0,270.0,238.0,238.0,30700
2021-04-07,238.0,238.0,252.0,234.0,234.0,5400
2021-04-08,256.0,256.0,270.0,238.0,238.0,18200
2021-04-09,250.0,250.0,256.0,240.0,256.0,10300
2021-04-12,236.0,236.0,270.0,234.0,270.0,11600
2021-04-13,248.0,248.0,248.0,234.0,234.0,5400
2021-04-14,246.0,246.0,250.0,234.0,248.0,11900
2021-04-15,236.0,236.0,260.0,234.0,246.0,18900
2021-04-16,238.0,238.0,248.0,236.0,236.0,3900
2021-04-19,242.0,242.0,242.0,238.0,238.0,11000
2021-04-20,246.0,246.0,246.0,242.0,242.0,13900
2021-04-21,244.0,244.0,246.0,244.0,246.0,400
2021-04-22,246.0,246.0,246.0,244.0,244.0,3200
2021-04-23,246.0,246.0,246.0,246.0,246.0,1000
2021-04-26,240.0,240.0,250.0,238.0,238.0,11200
2021-04-27,238.0,238.0,240.0,238.0,240.0,5700
2021-04-28,246.0,246.0,248.0,238.0,238.0,11200
2021-04-29,238.0,238.0,260.0,238.0,246.0,15400
2021-04-30,240.0,240.0,240.0,238.0,238.0,200
2021-05-03,238.0,238.0,280.0,232.0,240.0,45300
2021-05-04,246.0,246.0,246.0,234.0,238.0,9600
2021-05-05,242.0,242.0,244.0,236.0,244.0,1700
2021-05-06,254.0,254.0,260.0,234.0,234.0,16200
2021-05-07,242.0,242.0,260.0,238.0,254.0,14100
2021-05-10,242.0,242.0,250.0,240.0,250.0,9700
2021-05-11,240.0,240.0,240.0,238.0,238.0,5700
2021-05-17,240.0,240.0,240.0,240.0,240.0,10400
2021-05-18,236.0,236.0,248.0,234.0,240.0,2600
2021-05-19,262.0,262.0,278.0,236.0,236.0,61900
2021-05-20,246.0,246.0,262.0,244.0,262.0,24300
2021-05-21,240.0,240.0,284.0,230.0,236.0,39000
2021-05-24,240.0,240.0,240.0,232.0,240.0,5600
2021-05-25,244.0,244.0,244.0,240.0,240.0,500
2021-05-27,246.0,246.0,260.0,246.0,246.0,2000
2021-05-28,260.0,260.0,270.0,238.0,238.0,5600
2021-05-31,242.0,242.0,270.0,242.0,270.0,7300
2021-06-02,244.0,244.0,262.0,242.0,242.0,10100
2021-06-03,242.0,242.0,244.0,242.0,244.0,4200
2021-06-04,268.0,268.0,268.0,244.0,244.0,11000
2021-06-07,254.0,254.0,334.0,252.0,268.0,557600
2021-06-08,264.0,264.0,266.0,250.0,254.0,407500
2021-06-09,274.0,274.0,278.0,262.0,266.0,26900
2021-06-10,258.0,258.0,274.0,258.0,274.0,259700
2021-06-11,244.0,244.0,260.0,242.0,258.0,72600
2021-06-14,244.0,244.0,298.0,238.0,244.0,1752100
2021-06-15,246.0,246.0,250.0,242.0,246.0,74900
2021-06-16,240.0,240.0,258.0,240.0,246.0,147400
2021-06-17,244.0,244.0,246.0,238.0,238.0,33700
2021-06-18,240.0,240.0,248.0,240.0,244.0,7300
2021-06-21,230.0,230.0,238.0,224.0,238.0,58000
2021-06-22,234.0,234.0,234.0,230.0,230.0,9800
2021-06-23,246.0,246.0,246.0,240.0,240.0,3400
2021-06-24,246.0,246.0,250.0,240.0,250.0,2800
2021-06-25,236.0,236.0,246.0,236.0,246.0,10800
2021-06-28,244.0,244.0,248.0,232.0,238.0,5700
2021-06-29,246.0,246.0,250.0,234.0,250.0,10900
2021-06-30,246.0,246.0,246.0,246.0,246.0,200
2021-07-01,238.0,238.0,248.0,238.0,246.0,4000
2021-07-02,240.0,240.0,240.0,234.0,238.0,22300
2021-07-05,238.0,238.0,240.0,238.0,240.0,1400
2021-07-06,244.0,244.0,246.0,238.0,238.0,11100
2021-07-07,238.0,238.0,250.0,238.0,244.0,18100
2021-07-08,240.0,240.0,250.0,238.0,238.0,7900
2021-07-09,242.0,242.0,246.0,240.0,240.0,5800
2021-07-12,240.0,240.0,242.0,230.0,230.0,6100
2021-07-13,236.0,236.0,238.0,236.0,238.0,3900
2021-07-14,234.0,234.0,234.0,234.0,234.0,10400
2021-07-15,244.0,244.0,246.0,230.0,234.0,28700
2021-07-16,238.0,238.0,238.0,234.0,236.0,2400
2021-07-19,236.0,236.0,238.0,236.0,238.0,1200
2021-07-21,240.0,240.0,246.0,230.0,232.0,4000
2021-07-22,236.0,236.0,242.0,232.0,242.0,6000
2021-07-23,236.0,236.0,236.0,230.0,236.0,2800
2021-07-26,234.0,234.0,236.0,234.0,236.0,1000
2021-07-27,232.0,232.0,234.0,230.0,234.0,21000
2021-07-28,226.0,226.0,232.0,226.0,232.0,2500
2021-07-29,224.0,224.0,226.0,224.0,226.0,6800
2021-07-30,226.0,226.0,228.0,226.0,226.0,5900
2021-08-02,228.0,228.0,228.0,226.0,226.0,3900
2021-08-03,228.0,228.0,228.0,228.0,228.0,1200
2021-08-04,224.0,224.0,228.0,224.0,228.0,2500
2021-08-05,230.0,230.0,232.0,224.0,226.0,5400
2021-08-06,230.0,230.0,230.0,230.0,230.0,1000
2021-08-09,224.0,224.0,230.0,224.0,230.0,1200
2021-08-10,230.0,230.0,230.0,226.0,226.0,2200
2021-08-12,220.0,220.0,230.0,218.0,230.0,14700
2021-08-13,220.0,220.0,230.0,214.0,214.0,8000
2021-08-16,220.0,220.0,220.0,220.0,220.0,0
2021-08-18,222.0,222.0,258.0,220.0,240.0,21500
2021-08-19,226.0,226.0,230.0,220.0,222.0,9400
2021-08-20,230.0,230.0,232.0,214.0,226.0,43800
2021-08-23,222.0,222.0,230.0,216.0,230.0,9900
2021-08-24,222.0,222.0,226.0,220.0,226.0,8700
2021-08-25,224.0,224.0,228.0,218.0,218.0,8300
2021-08-26,220.0,220.0,224.0,218.0,224.0,2000
2021-08-27,220.0,220.0,220.0,216.0,216.0,2000
2021-08-30,224.0,224.0,226.0,220.0,220.0,4200
2021-08-31,222.0,222.0,224.0,216.0,224.0,2800
2021-09-01,222.0,222.0,260.0,222.0,222.0,82100
2021-09-02,234.0,234.0,258.0,220.0,220.0,11800
2021-09-03,220.0,220.0,236.0,218.0,234.0,30900
2021-09-06,236.0,236.0,248.0,218.0,220.0,10100
2021-09-07,236.0,236.0,254.0,226.0,250.0,11800
2021-09-08,234.0,234.0,234.0,230.0,230.0,5200
2021-09-09,226.0,226.0,234.0,222.0,234.0,18200
2021-09-10,228.0,228.0,228.0,226.0,226.0,800
2021-09-13,228.0,228.0,228.0,220.0,228.0,1000
2021-09-14,228.0,228.0,228.0,224.0,228.0,900
2021-09-15,214.0,214.0,240.0,214.0,230.0,12400
2021-09-16,220.0,220.0,220.0,220.0,220.0,400
2021-09-17,238.0,238.0,242.0,220.0,220.0,14300
2021-09-20,242.0,242.0,244.0,226.0,238.0,51800
2021-09-21,234.0,234.0,242.0,234.0,242.0,3600
2021-09-22,292.0,292.0,292.0,230.0,234.0,541800
2021-09-23,272.0,272.0,294.0,272.0,292.0,244100
2021-09-24,254.0,254.0,272.0,254.0,272.0,130300
2021-09-27,238.0,238.0,252.0,238.0,252.0,40800
2021-09-28,228.0,228.0,238.0,228.0,238.0,55800
2021-09-29,238.0,238.0,278.0,222.0,228.0,116900
2021-09-30,240.0,240.0,264.0,238.0,238.0,28700
2021-10-01,240.0,240.0,268.0,236.0,240.0,88500
2021-10-04,246.0,246.0,250.0,240.0,240.0,10800
2021-10-05,250.0,250.0,292.0,242.0,246.0,199700
2021-10-06,268.0,268.0,270.0,248.0,250.0,14000
2021-10-07,258.0,258.0,276.0,258.0,268.0,20900
2021-10-08,246.0,246.0,258.0,244.0,258.0,6900
2021-10-11,248.0,248.0,268.0,232.0,240.0,49300
2021-10-12,240.0,240.0,276.0,234.0,234.0,35800
2021-10-13,232.0,232.0,240.0,230.0,240.0,8500
2021-10-14,240.0,240.0,250.0,230.0,250.0,15000
2021-10-15,234.0,234.0,240.0,234.0,240.0,10600
2021-10-18,240.0,240.0,248.0,228.0,236.0,35500
2021-10-19,246.0,246.0,260.0,228.0,260.0,33700
2021-10-21,238.0,238.0,258.0,232.0,248.0,7000
2021-10-22,250.0,250.0,250.0,238.0,238.0,3200
2021-10-25,248.0,248.0,280.0,248.0,250.0,244400
2021-10-26,246.0,246.0,258.0,244.0,244.0,22000
2021-10-27,248.0,248.0,266.0,248.0,248.0,16100
2021-10-28,236.0,236.0,248.0,236.0,246.0,14500
2021-10-29,246.0,246.0,266.0,230.0,236.0,192500
2021-11-01,248.0,248.0,248.0,232.0,246.0,8600
2021-11-02,240.0,240.0,248.0,240.0,248.0,6000
2021-11-03,248.0,248.0,258.0,234.0,244.0,34200
2021-11-04,248.0,248.0,250.0,236.0,250.0,9500
2021-11-05,254.0,254.0,258.0,248.0,248.0,13800
2021-11-08,244.0,244.0,266.0,238.0,266.0,78100
2021-11-09,244.0,244.0,244.0,240.0,244.0,10000
2021-11-10,250.0,250.0,256.0,240.0,256.0,91500
2021-11-11,240.0,240.0,258.0,238.0,250.0,34700
2021-11-12,242.0,242.0,248.0,240.0,240.0,21000
2021-11-15,244.0,244.0,248.0,240.0,242.0,16300
2021-11-16,244.0,244.0,248.0,244.0,244.0,7200
2021-11-17,246.0,246.0,246.0,244.0,244.0,44800
2021-11-18,244.0,244.0,246.0,232.0,246.0,1600
2021-11-19,242.0,242.0,250.0,240.0,244.0,10200
2021-11-22,240.0,240.0,246.0,240.0,244.0,6500
2021-11-23,240.0,240.0,242.0,240.0,240.0,10400
2021-11-24,240.0,240.0,240.0,236.0,240.0,5200
2021-11-25,240.0,240.0,240.0,240.0,240.0,5000
2021-11-26,242.0,242.0,242.0,230.0,242.0,1600
2021-11-29,246.0,246.0,262.0,234.0,240.0,10500
2021-11-30,244.0,244.0,246.0,244.0,244.0,3400
2021-12-01,244.0,244.0,246.0,240.0,244.0,30400
2021-12-02,242.0,242.0,244.0,228.0,244.0,40600
2021-12-03,244.0,244.0,250.0,244.0,250.0,2600
2021-12-06,244.0,244.0,244.0,228.0,228.0,8500
2021-12-07,242.0,242.0,242.0,232.0,242.0,3900
2021-12-08,240.0,240.0,240.0,230.0,230.0,21900
2021-12-09,238.0,238.0,240.0,228.0,230.0,7300
2021-12-10,236.0,236.0,238.0,224.0,224.0,13800
2021-12-13,254.0,254.0,278.0,222.0,236.0,171700
2021-12-14,250.0,250.0,266.0,244.0,256.0,125900
2021-12-15,244.0,244.0,250.0,244.0,250.0,2300
2021-12-16,240.0,240.0,258.0,238.0,258.0,72900
2021-12-17,244.0,244.0,256.0,240.0,246.0,160900
2021-12-20,258.0,258.0,258.0,244.0,244.0,180600
2021-12-21,276.0,276.0,278.0,248.0,258.0,133100
2021-12-22,258.0,258.0,266.0,258.0,266.0,106300
2021-12-23,248.0,248.0,256.0,248.0,256.0,84700
2021-12-24,258.0,258.0,268.0,248.0,268.0,56600
2021-12-27,288.0,288.0,320.0,250.0,258.0,394000
2021-12-28,268.0,268.0,308.0,268.0,308.0,114900
2021-12-29,254.0,254.0,286.0,254.0,268.0,192900
2021-12-30,256.0,256.0,264.0,246.0,256.0,77200
2022-01-03,278.0,278.0,290.0,254.0,256.0,821900
2022-01-04,346.0,346.0,346.0,278.0,278.0,809200
2022-01-05,402.0,402.0,432.0,354.0,378.0,2928400
2022-01-06,496.0,496.0,500.0,402.0,402.0,2554400
2022-01-07,462.0,462.0,510.0,462.0,498.0,306800
2022-01-10,430.0,430.0,462.0,430.0,462.0,51800
2022-01-11,400.0,400.0,430.0,400.0,428.0,39500
2022-01-12,372.0,372.0,378.0,372.0,378.0,51100
2022-01-13,382.0,382.0,450.0,346.0,366.0,533400
2022-01-14,384.0,384.0,402.0,368.0,382.0,143800
2022-01-17,358.0,358.0,384.0,358.0,384.0,71900
2022-01-18,334.0,334.0,358.0,334.0,350.0,121300
2022-01-19,346.0,346.0,390.0,312.0,334.0,207000
2022-01-20,322.0,322.0,346.0,322.0,326.0,103800
2022-01-21,314.0,314.0,322.0,300.0,322.0,93600
2022-01-24,304.0,304.0,324.0,296.0,316.0,63400
2022-01-25,296.0,296.0,310.0,284.0,304.0,34600
2022-01-26,300.0,300.0,306.0,294.0,296.0,19300
2022-01-27,292.0,292.0,304.0,284.0,302.0,31600
2022-01-28,294.0,294.0,296.0,288.0,292.0,48900
2022-01-31,288.0,288.0,298.0,288.0,296.0,34000
2022-02-02,298.0,298.0,300.0,284.0,294.0,23300
2022-02-03,294.0,294.0,304.0,290.0,302.0,23600
2022-02-04,294.0,294.0,302.0,294.0,294.0,18000
2022-02-07,294.0,294.0,300.0,290.0,290.0,15700
2022-02-08,294.0,294.0,300.0,292.0,292.0,31900
2022-02-09,292.0,292.0,310.0,280.0,294.0,61800
2022-02-10,292.0,292.0,304.0,280.0,304.0,69400
2022-02-11,292.0,292.0,298.0,282.0,282.0,8800
2022-02-14,288.0,288.0,294.0,288.0,292.0,112300
2022-02-15,282.0,282.0,290.0,282.0,288.0,22700
2022-02-16,278.0,278.0,288.0,276.0,282.0,34700
2022-02-17,282.0,282.0,286.0,280.0,286.0,33600
2022-02-18,288.0,288.0,298.0,282.0,282.0,26500
2022-02-21,288.0,288.0,290.0,288.0,290.0,20000
2022-02-22,284.0,284.0,288.0,284.0,288.0,17100
2022-02-23,282.0,282.0,284.0,278.0,284.0,26300
2022-02-24,274.0,274.0,284.0,272.0,282.0,52200
2022-02-25,278.0,278.0,280.0,274.0,280.0,15700
2022-03-01,290.0,290.0,294.0,278.0,278.0,11100
2022-03-02,288.0,288.0,290.0,288.0,290.0,3400
2022-03-04,300.0,300.0,320.0,286.0,286.0,189500
2022-03-07,300.0,300.0,320.0,300.0,300.0,52800
2022-03-08,284.0,284.0,300.0,280.0,300.0,46800
2022-03-09,294.0,294.0,300.0,284.0,284.0,33100
2022-03-10,294.0,294.0,300.0,294.0,294.0,16200
2022-03-11,290.0,290.0,310.0,290.0,294.0,7500
2022-03-14,292.0,292.0,306.0,292.0,306.0,9400
2022-03-15,290.0,290.0,294.0,284.0,292.0,5500
2022-03-16,292.0,292.0,304.0,280.0,290.0,33100
2022-03-17,290.0,290.0,290.0,288.0,290.0,4300
2022-03-18,274.0,274.0,300.0,270.0,290.0,46300
2022-03-21,278.0,278.0,282.0,274.0,274.0,6200
2022-03-22,286.0,286.0,294.0,278.0,278.0,38400
2022-03-23,330.0,330.0,340.0,286.0,286.0,820000
2022-03-24,308.0,308.0,336.0,308.0,334.0,353900
2022-03-25,300.0,300.0,314.0,290.0,308.0,98100
2022-03-28,300.0,300.0,310.0,298.0,300.0,56600
2022-03-29,302.0,302.0,312.0,280.0,304.0,141400
2022-03-30,290.0,290.0,310.0,288.0,302.0,36400
2022-03-31,290.0,290.0,298.0,286.0,294.0,36200
2022-04-01,290.0,290.0,298.0,290.0,290.0,42700
2022-04-04,288.0,288.0,310.0,288.0,310.0,76300
2022-04-05,292.0,292.0,294.0,278.0,290.0,98400
2022-04-06,298.0,298.0,298.0,290.0,292.0,42800
2022-04-07,296.0,296.0,298.0,288.0,298.0,13400
2022-04-08,296.0,296.0,300.0,290.0,296.0,40100
2022-04-11,282.0,282.0,292.0,282.0,288.0,55300
2022-04-12,282.0,282.0,288.0,280.0,282.0,36500
2022-04-13,286.0,286.0,286.0,276.0,278.0,17600
2022-04-14,284.0,284.0,306.0,270.0,284.0,91400
2022-04-18,286.0,286.0,300.0,284.0,284.0,26500
2022-04-19,294.0,294.0,310.0,286.0,286.0,14400
2022-04-20,300.0,300.0,310.0,296.0,300.0,99000
2022-04-21,298.0,298.0,306.0,298.0,300.0,29500
2022-04-22,298.0,298.0,302.0,298.0,298.0,9800
2022-04-25,288.0,288.0,298.0,284.0,298.0,35600
2022-04-26,296.0,296.0,314.0,280.0,288.0,92700
2022-04-27,302.0,302.0,302.0,296.0,296.0,8600
2022-04-28,300.0,300.0,308.0,298.0,302.0,39800
2022-05-09,298.0,298.0,300.0,298.0,300.0,6300
2022-05-10,296.0,296.0,298.0,280.0,298.0,46800
2022-05-11,296.0,296.0,298.0,288.0,296.0,20700
2022-05-12,290.0,290.0,306.0,282.0,296.0,56100
2022-05-13,296.0,296.0,296.0,282.0,284.0,6400
2022-05-17,294.0,294.0,296.0,294.0,296.0,26300
2022-05-18,298.0,298.0,310.0,296.0,296.0,69500
2022-05-19,302.0,302.0,302.0,288.0,296.0,45200
2022-05-20,298.0,298.0,302.0,290.0,290.0,3600
2022-05-23,302.0,302.0,304.0,292.0,298.0,45900
2022-05-24,294.0,294.0,306.0,282.0,302.0,177900
2022-05-25,294.0,294.0,304.0,292.0,304.0,16100
2022-05-27,308.0,308.0,310.0,294.0,294.0,221600
2022-05-30,304.0,304.0,314.0,298.0,308.0,51900
2022-05-31,310.0,310.0,310.0,290.0,300.0,52100
2022-06-02,314.0,314.0,322.0,300.0,310.0,165900
2022-06-03,296.0,296.0,314.0,296.0,314.0,185300
2022-06-06,298.0,298.0,318.0,296.0,296.0,51800
2022-06-07,346.0,346.0,364.0,294.0,298.0,436800
2022-06-08,322.0,322.0,340.0,322.0,340.0,229700
2022-06-09,300.0,300.0,322.0,300.0,306.0,193200
2022-06-10,298.0,298.0,304.0,288.0,296.0,139700
2022-06-13,300.0,300.0,300.0,288.0,298.0,107900
2022-06-14,298.0,298.0,300.0,294.0,298.0,98100
2022-06-15,298.0,298.0,304.0,292.0,294.0,107600
2022-06-16,294.0,294.0,300.0,294.0,300.0,15400
2022-06-17,300.0,300.0,310.0,294.0,294.0,74900
2022-06-20,294.0,294.0,302.0,290.0,302.0,91800
2022-06-21,298.0,298.0,298.0,288.0,288.0,9700
2022-06-22,298.0,298.0,298.0,288.0,298.0,9300
2022-06-23,294.0,294.0,296.0,290.0,290.0,800
2022-06-24,294.0,294.0,304.0,290.0,294.0,168100
2022-06-27,294.0,294.0,306.0,294.0,294.0,234800
2022-06-28,298.0,298.0,300.0,292.0,292.0,5500
2022-06-29,296.0,296.0,300.0,292.0,298.0,108500
2022-06-30,300.0,300.0,306.0,290.0,306.0,7700
2022-07-01,298.0,298.0,302.0,290.0,302.0,6300
2022-07-04,300.0,300.0,300.0,294.0,298.0,3800
2022-07-05,338.0,338.0,340.0,292.0,300.0,330200
2022-07-06,316.0,316.0,338.0,316.0,338.0,116600
2022-07-07,294.0,294.0,296.0,294.0,296.0,109300
2022-07-08,276.0,276.0,306.0,274.0,276.0,274900
2022-07-11,280.0,280.0,284.0,278.0,280.0,124800
2022-07-12,286.0,286.0,286.0,278.0,280.0,244800
2022-07-13,290.0,290.0,298.0,284.0,286.0,487000
2022-07-14,296.0,296.0,298.0,286.0,290.0,328800
2022-07-15,300.0,300.0,300.0,286.0,296.0,204200
2022-07-18,302.0,302.0,304.0,290.0,300.0,555900
2022-07-19,290.0,290.0,302.0,290.0,302.0,165700
2022-07-20,298.0,298.0,298.0,290.0,290.0,17000
2022-07-21,296.0,296.0,298.0,288.0,298.0,157100
2022-07-22,294.0,294.0,296.0,288.0,296.0,11900
2022-07-25,296.0,296.0,298.0,294.0,298.0,5400
2022-07-26,298.0,298.0,298.0,296.0,296.0,11100
2022-07-27,290.0,290.0,298.0,280.0,290.0,44400
2022-07-28,294.0,294.0,298.0,292.0,292.0,4000
2022-07-29,292.0,292.0,298.0,286.0,288.0,34600
2022-08-01,296.0,296.0,300.0,290.0,298.0,32200
2022-08-02,294.0,294.0,298.0,294.0,296.0,1800
2022-08-03,292.0,292.0,294.0,292.0,294.0,5800
2022-08-04,296.0,296.0,296.0,296.0,296.0,600
2022-08-05,300.0,300.0,300.0,292.0,296.0,51100
2022-08-08,296.0,296.0,310.0,290.0,300.0,124900
2022-08-09,290.0,290.0,296.0,288.0,292.0,72600
2022-08-10,292.0,292.0,294.0,288.0,290.0,7400
2022-08-11,288.0,288.0,292.0,288.0,292.0,164400
2022-08-12,288.0,288.0,292.0,278.0,292.0,425300
2022-08-15,300.0,300.0,306.0,286.0,288.0,254200
2022-08-16,292.0,292.0,300.0,292.0,294.0,164400
2022-08-18,296.0,296.0,296.0,290.0,290.0,500
2022-08-19,292.0,292.0,300.0,290.0,296.0,208600
2022-08-22,286.0,286.0,294.0,284.0,292.0,629900
2022-08-23,294.0,294.0,296.0,288.0,296.0,26500
2022-08-24,290.0,290.0,294.0,288.0,288.0,8900
2022-08-25,288.0,288.0,292.0,278.0,290.0,44900
2022-08-26,288.0,288.0,290.0,280.0,288.0,9000
2022-08-29,284.0,284.0,288.0,284.0,288.0,42600
2022-08-30,286.0,286.0,290.0,282.0,286.0,141200
2022-08-31,290.0,290.0,290.0,278.0,286.0,534000
2022-09-01,290.0,290.0,290.0,280.0,290.0,149600
2022-09-02,290.0,290.0,296.0,288.0,290.0,187300
2022-09-05,300.0,300.0,310.0,288.0,290.0,261200
2022-09-06,300.0,300.0,302.0,290.0,302.0,208100
2022-09-07,284.0,284.0,294.0,280.0,294.0,30600
2022-09-08,292.0,292.0,300.0,284.0,284.0,99900
2022-09-09,292.0,292.0,300.0,288.0,292.0,23600
2022-09-12,290.0,290.0,296.0,290.0,292.0,18700
2022-09-13,290.0,290.0,292.0,288.0,290.0,18100
2022-09-14,288.0,288.0,288.0,284.0,284.0,6900
2022-09-15,284.0,284.0,288.0,282.0,288.0,29600
2022-09-16,284.0,284.0,296.0,282.0,284.0,516900
2022-09-19,288.0,288.0,294.0,284.0,290.0,124900
2022-09-20,286.0,286.0,290.0,284.0,288.0,6600
2022-09-21,282.0,282.0,288.0,280.0,286.0,157500
2022-09-22,288.0,288.0,290.0,282.0,282.0,99500
2022-09-23,294.0,294.0,310.0,282.0,288.0,516000
2022-09-26,290.0,290.0,298.0,284.0,294.0,60500
2022-09-27,286.0,286.0,290.0,286.0,290.0,1600
2022-09-28,290.0,290.0,290.0,286.0,286.0,1000
2022-09-29,292.0,292.0,292.0,282.0,288.0,106600
2022-09-30,290.0,290.0,292.0,288.0,292.0,2800
2022-10-03,290.0,290.0,296.0,288.0,290.0,40200
2022-10-04,290.0,290.0,294.0,288.0,290.0,8400
2022-10-05,290.0,290.0,308.0,290.0,290.0,20900
2022-10-06,288.0,288.0,294.0,288.0,290.0,4900
2022-10-07,290.0,290.0,294.0,288.0,294.0,146600
2022-10-10,292.0,292.0,292.0,286.0,288.0,10700
2022-10-11,294.0,294.0,302.0,288.0,292.0,395600
2022-10-12,292.0,292.0,292.0,286.0,290.0,106800
2022-10-13,284.0,284.0,294.0,284.0,294.0,175500
2022-10-14,286.0,286.0,296.0,284.0,290.0,88400
2022-10-17,280.0,280.0,280.0,280.0,280.0,3000
2022-10-18,290.0,290.0,290.0,280.0,288.0,54900
2022-10-19,290.0,290.0,290.0,290.0,290.0,54600
2022-10-20,290.0,290.0,292.0,290.0,292.0,500
2022-10-21,288.0,288.0,292.0,280.0,292.0,3000
2022-10-24,290.0,290.0,290.0,282.0,288.0,99000
2022-10-25,288.0,288.0,290.0,288.0,290.0,900
2022-10-26,292.0,292.0,300.0,290.0,290.0,244200
2022-10-27,292.0,292.0,292.0,286.0,286.0,1300
2022-10-28,294.0,294.0,308.0,290.0,292.0,806500
2022-10-31,292.0,292.0,294.0,282.0,288.0,208900
2022-11-01,290.0,290.0,300.0,280.0,292.0,313500
2022-11-02,286.0,286.0,290.0,286.0,290.0,97400
2022-11-03,290.0,290.0,294.0,284.0,284.0,154200
2022-11-04,288.0,288.0,292.0,288.0,292.0,105200
2022-11-07,288.0,288.0,290.0,280.0,284.0,119500
2022-11-08,282.0,282.0,282.0,280.0,282.0,13400
2022-11-09,290.0,290.0,290.0,282.0,282.0,125800
2022-11-10,278.0,278.0,290.0,274.0,290.0,126300
2022-11-11,290.0,290.0,290.0,278.0,278.0,358200
2022-11-14,286.0,286.0,290.0,270.0,290.0,192800
2022-11-15,278.0,278.0,284.0,276.0,276.0,6600
2022-11-16,278.0,278.0,284.0,278.0,284.0,500
2022-11-17,282.0,282.0,284.0,272.0,278.0,228700
2022-11-18,280.0,280.0,284.0,268.0,284.0,219400
2022-11-21,270.0,270.0,278.0,270.0,270.0,15200
2022-11-22,272.0,272.0,274.0,270.0,270.0,12900
2022-11-23,258.0,258.0,272.0,254.0,272.0,200300
2022-11-24,268.0,268.0,270.0,258.0,260.0,8800
2022-11-25,266.0,266.0,270.0,256.0,270.0,10100
2022-11-28,266.0,266.0,266.0,266.0,266.0,3800
2022-11-29,278.0,278.0,278.0,254.0,264.0,27800
2022-11-30,268.0,268.0,278.0,262.0,278.0,26300
2022-12-01,270.0,270.0,274.0,270.0,274.0,2600
2022-12-02,260.0,260.0,270.0,260.0,270.0,1200
2022-12-05,266.0,266.0,270.0,260.0,260.0,4100
2022-12-06,268.0,268.0,270.0,262.0,270.0,2300
2022-12-07,260.0,260.0,270.0,252.0,268.0,10500
2022-12-08,260.0,260.0,260.0,250.0,260.0,4500
2022-12-09,258.0,258.0,260.0,250.0,260.0,4100
2022-12-12,256.0,256.0,266.0,240.0,264.0,8400
2022-12-13,250.0,250.0,256.0,250.0,256.0,1100
2022-12-14,260.0,260.0,260.0,254.0,256.0,19800
2022-12-15,260.0,260.0,266.0,260.0,266.0,900
2022-12-16,304.0,304.0,308.0,252.0,258.0,84000
2022-12-19,284.0,284.0,310.0,284.0,304.0,57300
2022-12-20,268.0,268.0,286.0,268.0,286.0,21300
2022-12-21,276.0,276.0,286.0,268.0,268.0,39400
2022-12-22,266.0,266.0,284.0,266.0,284.0,10200
2022-12-23,270.0,270.0,272.0,268.0,268.0,2400
2022-12-26,264.0,264.0,276.0,264.0,266.0,9900
2022-12-27,264.0,264.0,266.0,264.0,264.0,700
2022-12-28,262.0,262.0,264.0,262.0,264.0,3700
2022-12-29,284.0,284.0,300.0,266.0,274.0,26300
2022-12-30,266.0,266.0,292.0,266.0,280.0,21100
2023-01-02,332.0,332.0,332.0,266.0,266.0,1419700
2023-01-03,414.0,414.0,414.0,356.0,368.0,2989000
2023-01-04,515.0,515.0,515.0,444.0,454.0,2164500
2023-01-05,640.0,640.0,640.0,545.0,580.0,5351000
2023-01-06,600.0,600.0,700.0,600.0,600.0,270000
2023-01-09,560.0,560.0,560.0,560.0,560.0,26700
2023-01-10,525.0,525.0,525.0,525.0,525.0,34700
2023-01-11,490.0,490.0,490.0,490.0,490.0,27000
2023-01-12,456.0,456.0,456.0,456.0,456.0,5200
2023-01-13,426.0,426.0,450.0,426.0,450.0,46200
2023-01-16,398.0,398.0,416.0,398.0,398.0,953900
2023-01-17,372.0,372.0,402.0,372.0,398.0,759800
2023-01-18,346.0,346.0,368.0,346.0,368.0,173100
2023-01-19,338.0,338.0,386.0,322.0,322.0,1288000
2023-01-20,316.0,316.0,350.0,316.0,346.0,161400
2023-01-24,300.0,300.0,318.0,294.0,318.0,412700
2023-01-25,312.0,312.0,340.0,300.0,300.0,326600
2023-01-26,390.0,390.0,390.0,308.0,312.0,1870300
2023-01-27,486.0,486.0,486.0,396.0,430.0,3947000
2023-01-30,452.0,452.0,555.0,452.0,525.0,726800
2023-01-31,422.0,422.0,448.0,422.0,448.0,50500
2023-02-01,394.0,394.0,400.0,394.0,400.0,33700
2023-02-02,380.0,380.0,404.0,368.0,404.0,414300
2023-02-03,460.0,460.0,472.0,378.0,382.0,1191200
2023-02-06,452.0,452.0,515.0,428.0,462.0,586500
2023-02-07,444.0,444.0,484.0,430.0,456.0,209700
2023-02-08,440.0,440.0,456.0,430.0,444.0,160000
2023-02-09,428.0,428.0,448.0,410.0,430.0,161700
2023-02-10,426.0,426.0,432.0,410.0,430.0,160600
2023-02-13,428.0,428.0,436.0,412.0,426.0,127800
2023-02-14,412.0,412.0,434.0,410.0,434.0,89800
2023-02-15,408.0,408.0,430.0,390.0,412.0,72500
2023-02-16,400.0,400.0,422.0,398.0,406.0,146100
2023-02-17,400.0,400.0,404.0,396.0,400.0,25700
2023-02-20,398.0,398.0,400.0,390.0,396.0,46600
2023-02-21,396.0,396.0,400.0,388.0,398.0,14600
2023-02-22,384.0,384.0,390.0,370.0,386.0,47200
2023-02-23,382.0,382.0,400.0,364.0,384.0,31700
2023-02-24,394.0,394.0,400.0,370.0,382.0,15600
2023-02-27,380.0,380.0,394.0,368.0,394.0,50400
2023-02-28,374.0,374.0,380.0,372.0,380.0,11700
2023-03-01,370.0,370.0,378.0,364.0,374.0,16500
2023-03-02,368.0,368.0,370.0,352.0,370.0,14200
2023-03-03,368.0,368.0,390.0,352.0,368.0,47000
2023-03-06,364.0,364.0,368.0,354.0,354.0,5500
2023-03-07,350.0,350.0,376.0,342.0,360.0,42600
2023-03-08,354.0,354.0,354.0,340.0,350.0,17100
2023-03-09,352.0,352.0,352.0,330.0,340.0,19300
2023-03-10,366.0,366.0,366.0,332.0,352.0,60600
2023-03-13,348.0,348.0,366.0,342.0,366.0,46900
2023-03-14,354.0,354.0,356.0,340.0,348.0,26900
2023-03-15,350.0,350.0,352.0,344.0,352.0,2200
2023-03-16,340.0,340.0,350.0,326.0,350.0,31500
2023-03-17,336.0,336.0,338.0,318.0,330.0,74100
2023-03-20,334.0,334.0,336.0,326.0,326.0,14000
2023-03-21,324.0,324.0,334.0,322.0,326.0,10500
2023-03-24,322.0,322.0,322.0,312.0,322.0,39700
2023-03-27,324.0,324.0,324.0,316.0,322.0,42200
2023-03-28,404.0,404.0,404.0,320.0,324.0,367400
2023-03-29,376.0,376.0,496.0,376.0,438.0,864500
2023-03-30,350.0,350.0,366.0,350.0,354.0,86200
2023-03-31,336.0,336.0,348.0,326.0,330.0,243100
2023-04-03,420.0,420.0,420.0,356.0,420.0,832000
2023-04-04,460.0,460.0,525.0,420.0,468.0,1243000
2023-04-05,448.0,448.0,498.0,430.0,464.0,89000
2023-04-06,442.0,442.0,452.0,418.0,446.0,60300
2023-04-10,422.0,422.0,438.0,416.0,438.0,113800
2023-04-11,418.0,418.0,500.0,418.0,444.0,136800
2023-04-12,412.0,412.0,448.0,412.0,430.0,87200
2023-04-13,456.0,456.0,515.0,422.0,430.0,1964300
2023-04-14,450.0,450.0,480.0,432.0,460.0,614200
2023-04-17,428.0,428.0,450.0,420.0,450.0,539900
2023-04-18,406.0,406.0,430.0,400.0,428.0,183800
2023-04-26,380.0,380.0,406.0,378.0,406.0,305600
2023-04-27,406.0,406.0,414.0,362.0,380.0,119900
2023-04-28,388.0,388.0,402.0,380.0,400.0,53500
2023-05-02,394.0,394.0,430.0,386.0,394.0,158700
2023-05-03,400.0,400.0,408.0,380.0,394.0,335300
2023-05-04,396.0,396.0,406.0,394.0,400.0,106600
2023-05-05,382.0,382.0,404.0,382.0,404.0,14500
2023-05-08,386.0,386.0,392.0,378.0,378.0,9100
2023-05-09,364.0,364.0,390.0,360.0,382.0,100300
2023-05-10,364.0,364.0,384.0,360.0,370.0,36600
2023-05-11,366.0,366.0,378.0,364.0,364.0,10800
2023-05-12,360.0,360.0,366.0,358.0,366.0,27400
2023-05-15,364.0,364.0,368.0,360.0,362.0,6800
2023-05-16,346.0,346.0,368.0,340.0,358.0,31000
2023-05-17,346.0,346.0,358.0,330.0,348.0,113000
2023-05-19,350.0,350.0,350.0,332.0,346.0,6100
2023-05-22,350.0,350.0,366.0,350.0,350.0,32400
2023-05-23,360.0,360.0,398.0,350.0,350.0,181100
2023-05-24,352.0,352.0,360.0,338.0,360.0,24400
2023-05-25,354.0,354.0,356.0,352.0,354.0,55100
2023-05-26,378.0,378.0,388.0,352.0,352.0,113100
2023-05-29,382.0,382.0,398.0,376.0,378.0,94200
2023-05-30,372.0,372.0,398.0,362.0,382.0,29600
2023-05-31,360.0,360.0,380.0,358.0,372.0,120000
2023-06-05,360.0,360.0,368.0,350.0,362.0,49800
2023-06-06,358.0,358.0,380.0,352.0,358.0,47600
2023-06-07,358.0,358.0,366.0,354.0,354.0,5100
2023-06-08,362.0,362.0,362.0,356.0,356.0,13400
2023-06-09,360.0,360.0,378.0,358.0,362.0,56200
2023-06-12,360.0,360.0,364.0,358.0,360.0,33400
2023-06-13,366.0,366.0,366.0,354.0,354.0,32300
2023-06-14,362.0,362.0,366.0,360.0,366.0,9300
2023-06-15,362.0,362.0,364.0,360.0,364.0,31200
2023-06-16,360.0,360.0,360.0,350.0,360.0,45300
2023-06-19,362.0,362.0,368.0,358.0,368.0,10000
2023-06-20,358.0,358.0,362.0,358.0,360.0,19700
2023-06-21,356.0,356.0,376.0,356.0,362.0,11400
2023-06-22,360.0,360.0,360.0,360.0,360.0,2900
2023-06-23,358.0,358.0,364.0,350.0,364.0,18000
2023-06-26,360.0,360.0,364.0,350.0,350.0,28900
2023-06-27,358.0,358.0,360.0,350.0,350.0,25800
2023-07-03,446.0,446.0,446.0,352.0,358.0,124100
2023-07-04,380.0,380.0,446.0,380.0,440.0,319100
2023-07-05,374.0,374.0,396.0,372.0,380.0,153500
2023-07-06,454.0,454.0,466.0,330.0,372.0,2110300
2023-07-07,565.0,565.0,565.0,440.0,454.0,2483400
2023-07-10,590.0,590.0,605.0,520.0,565.0,1641300
2023-07-11,630.0,630.0,670.0,590.0,590.0,1478100
2023-07-12,650.0,650.0,680.0,550.0,630.0,1293600
2023-07-13,695.0,695.0,695.0,645.0,650.0,749000
2023-07-14,765.0,765.0,795.0,680.0,695.0,1634300
2023-07-17,935.0,935.0,940.0,760.0,765.0,3802400
2023-07-18,850.0,850.0,945.0,795.0,930.0,3252500
2023-07-20,830.0,830.0,900.0,820.0,845.0,643400
2023-07-21,925.0,925.0,965.0,820.0,820.0,3465600
2023-07-24,985.0,985.0,1005.0,905.0,940.0,4282300
2023-07-25,980.0,980.0,1015.0,970.0,995.0,1831900
2023-07-26,950.0,950.0,980.0,950.0,975.0,589800
2023-07-27,910.0,910.0,970.0,900.0,950.0,437000
2023-07-28,935.0,935.0,965.0,850.0,880.0,487400
2023-07-31,870.0,870.0,950.0,855.0,930.0,347000
2023-08-01,835.0,835.0,900.0,830.0,870.0,103700
2023-08-02,880.0,880.0,925.0,800.0,830.0,409400
2023-08-03,950.0,950.0,955.0,825.0,880.0,1371900
2023-08-04,865.0,865.0,960.0,865.0,955.0,985400
2023-08-07,865.0,865.0,900.0,830.0,865.0,141700
2023-08-08,840.0,840.0,865.0,825.0,860.0,136300
2023-08-09,830.0,830.0,850.0,825.0,825.0,42100
2023-08-10,825.0,825.0,910.0,825.0,845.0,56600
2023-08-11,790.0,790.0,835.0,720.0,825.0,91000
2023-08-14,755.0,755.0,790.0,720.0,790.0,80200
2023-08-15,720.0,720.0,755.0,720.0,755.0,35600
2023-08-16,685.0,685.0,720.0,630.0,720.0,139000
2023-08-18,670.0,670.0,855.0,635.0,670.0,1541900
2023-08-21,700.0,700.0,720.0,650.0,675.0,553100
2023-08-22,725.0,725.0,730.0,675.0,710.0,231600
2023-08-23,695.0,695.0,750.0,650.0,740.0,166800
2023-08-24,815.0,815.0,830.0,685.0,695.0,1768700
2023-08-25,760.0,760.0,820.0,735.0,820.0,301300
2023-08-28,730.0,730.0,760.0,700.0,760.0,224900
2023-08-29,675.0,675.0,725.0,675.0,725.0,175700
2023-08-30,690.0,690.0,695.0,665.0,675.0,73100
2023-08-31,655.0,655.0,695.0,655.0,690.0,72400
2023-09-01,685.0,685.0,685.0,575.0,650.0,124500
2023-09-04,690.0,690.0,710.0,685.0,690.0,81600
2023-09-05,705.0,705.0,710.0,690.0,690.0,75300
2023-09-06,670.0,670.0,705.0,650.0,705.0,60000
2023-09-07,655.0,655.0,675.0,655.0,670.0,20600
2023-09-08,670.0,670.0,740.0,625.0,640.0,253900
2023-09-11,700.0,700.0,700.0,665.0,665.0,46700
2023-09-12,670.0,670.0,690.0,660.0,685.0,29300
2023-09-13,670.0,670.0,680.0,665.0,670.0,28100
2023-09-14,680.0,680.0,685.0,665.0,670.0,37000
2023-09-15,655.0,655.0,680.0,640.0,680.0,33500
2023-09-18,580.0,580.0,655.0,580.0,655.0,162000
2023-09-19,472.0,472.0,590.0,436.0,580.0,93500
2023-09-20,590.0,590.0,590.0,472.0,476.0,179300
2023-09-21,680.0,680.0,735.0,600.0,620.0,1856900
2023-09-22,635.0,635.0,690.0,585.0,680.0,248800
2023-09-25,665.0,665.0,700.0,605.0,625.0,230300
2023-09-26,650.0,650.0,680.0,650.0,670.0,42300
2023-09-27,655.0,655.0,665.0,610.0,610.0,17700
2023-09-29,645.0,645.0,660.0,595.0,660.0,35100
2023-10-02,640.0,640.0,660.0,600.0,635.0,41500
2023-10-03,630.0,630.0,645.0,600.0,645.0,101600
2023-10-04,595.0,595.0,630.0,590.0,630.0,21900
2023-10-05,615.0,615.0,665.0,600.0,600.0,26200
2023-10-06,585.0,585.0,665.0,500.0,615.0,100400
2023-10-09,575.0,575.0,635.0,530.0,585.0,77600
2023-10-10,585.0,585.0,620.0,550.0,600.0,36200
2023-10-11,585.0,585.0,615.0,560.0,560.0,72100
2023-10-12,595.0,595.0,610.0,560.0,600.0,56400
2023-10-13,600.0,600.0,610.0,585.0,605.0,23100
2023-10-16,575.0,575.0,595.0,540.0,585.0,40400
2023-10-17,590.0,590.0,615.0,575.0,595.0,59900
2023-10-18,585.0,585.0,595.0,575.0,595.0,10400
2023-10-19,565.0,565.0,595.0,560.0,595.0,21500
2023-10-20,585.0,585.0,595.0,535.0,570.0,12200
2023-10-23,560.0,560.0,590.0,560.0,590.0,6200
2023-10-24,565.0,565.0,565.0,535.0,560.0,23500
2023-10-25,545.0,545.0,565.0,520.0,565.0,29100
2023-10-26,540.0,540.0,545.0,525.0,540.0,1200
2023-10-27,530.0,530.0,550.0,525.0,535.0,22900
2023-10-30,540.0,540.0,545.0,500.0,545.0,36900
2023-10-31,540.0,540.0,545.0,498.0,498.0,22900
2023-11-01,515.0,515.0,550.0,515.0,550.0,28200
2023-11-02,500.0,500.0,540.0,486.0,515.0,95400
2023-11-03,515.0,515.0,595.0,500.0,525.0,50700
2023-11-06,640.0,640.0,640.0,505.0,510.0,550500
2023-11-07,710.0,710.0,800.0,540.0,700.0,4108100
2023-11-08,575.0,575.0,715.0,575.0,710.0,713200
2023-11-09,555.0,555.0,620.0,550.0,590.0,225500
2023-11-10,545.0,545.0,570.0,505.0,540.0,265200
2023-11-13,550.0,550.0,580.0,515.0,525.0,176600
2023-11-14,525.0,525.0,575.0,500.0,550.0,89800
2023-11-15,525.0,525.0,555.0,515.0,525.0,57800
2023-11-16,535.0,535.0,540.0,520.0,535.0,31700
2023-11-17,515.0,515.0,545.0,510.0,535.0,31600
2023-11-20,525.0,525.0,535.0,505.0,515.0,49600
2023-11-21,535.0,535.0,570.0,510.0,515.0,38200
2023-11-22,520.0,520.0,540.0,520.0,535.0,29400
2023-11-23,550.0,550.0,650.0,520.0,535.0,3918700
2023-11-24,510.0,510.0,530.0,505.0,530.0,335200
2023-11-27,520.0,520.0,575.0,515.0,515.0,278900
2023-11-28,520.0,520.0,550.0,505.0,520.0,108300
2023-11-29,535.0,535.0,540.0,510.0,510.0,85300
2023-11-30,530.0,530.0,535.0,510.0,535.0,92100
2023-12-01,510.0,510.0,535.0,510.0,530.0,32300
2023-12-04,464.0,464.0,530.0,460.0,530.0,266400
2023-12-05,454.0,454.0,470.0,448.0,470.0,107900
2023-12-06,515.0,515.0,560.0,410.0,454.0,2056800
2023-12-07,488.0,488.0,535.0,478.0,515.0,379900
2023-12-08,464.0,464.0,515.0,464.0,486.0,233100
2023-12-11,448.0,448.0,505.0,442.0,460.0,223800
2023-12-12,422.0,422.0,496.0,404.0,472.0,196200
2023-12-13,525.0,525.0,525.0,420.0,422.0,955600
2023-12-14,525.0,525.0,565.0,478.0,550.0,418000
2023-12-15,525.0,525.0,550.0,510.0,520.0,83700
2023-12-18,510.0,510.0,555.0,436.0,525.0,87500
2023-12-19,490.0,490.0,505.0,470.0,500.0,66000
2023-12-20,496.0,496.0,500.0,484.0,498.0,71100
2023-12-21,492.0,492.0,510.0,488.0,505.0,29600
2023-12-22,496.0,496.0,510.0,488.0,494.0,66100
2023-12-27,486.0,486.0,500.0,468.0,496.0,38800
2023-12-28,486.0,486.0,500.0,480.0,486.0,10800
2023-12-29,486.0,486.0,486.0,478.0,482.0,45700
2024-01-02,496.0,496.0,496.0,474.0,484.0,61000
2024-01-03,494.0,494.0,515.0,482.0,496.0,16900
2024-01-04,486.0,486.0,496.0,482.0,482.0,119800
2024-01-05,482.0,482.0,490.0,480.0,480.0,27000
2024-01-08,472.0,472.0,494.0,472.0,482.0,36000
2024-01-09,424.0,424.0,480.0,424.0,476.0,78300
2024-01-10,530.0,530.0,530.0,450.0,450.0,877100
2024-01-11,476.0,476.0,570.0,472.0,570.0,291600
2024-01-12,480.0,480.0,580.0,480.0,494.0,2059400
2024-01-15,480.0,480.0,480.0,480.0,480.0,0
2024-01-16,478.0,478.0,486.0,468.0,480.0,63500
2024-01-17,472.0,472.0,505.0,460.0,480.0,386900
2024-01-18,452.0,452.0,480.0,450.0,466.0,172000
2024-01-19,462.0,462.0,478.0,456.0,456.0,90700
2024-01-22,462.0,462.0,478.0,456.0,462.0,130100
2024-01-23,458.0,458.0,464.0,444.0,462.0,22900
2024-01-24,462.0,462.0,472.0,454.0,472.0,24700
2024-01-25,460.0,460.0,460.0,450.0,454.0,58200
2024-01-26,446.0,446.0,460.0,446.0,452.0,33500
2024-01-29,420.0,420.0,462.0,410.0,462.0,76600
2024-01-30,450.0,450.0,520.0,440.0,444.0,1931200
2024-01-31,446.0,446.0,480.0,440.0,452.0,166900
2024-02-01,450.0,450.0,478.0,440.0,446.0,159500
2024-02-02,464.0,464.0,474.0,450.0,450.0,142800
2024-02-05,466.0,466.0,490.0,452.0,460.0,212200
2024-02-06,462.0,462.0,474.0,452.0,474.0,64100
2024-02-07,450.0,450.0,462.0,450.0,462.0,35400
2024-02-12,414.0,414.0,466.0,410.0,450.0,89600
2024-02-13,494.0,494.0,515.0,434.0,434.0,1413300
2024-02-15,470.0,470.0,515.0,452.0,498.0,307400
2024-02-16,446.0,446.0,520.0,440.0,480.0,157800
2024-02-19,452.0,452.0,474.0,442.0,450.0,186300
2024-02-20,444.0,444.0,454.0,440.0,452.0,113800
2024-02-21,456.0,456.0,482.0,444.0,444.0,54000
2024-02-22,440.0,440.0,456.0,430.0,456.0,97500
2024-02-23,436.0,436.0,448.0,432.0,440.0,113900
2024-02-26,446.0,446.0,454.0,436.0,436.0,54200
2024-02-27,452.0,452.0,454.0,446.0,452.0,18500
2024-02-28,444.0,444.0,446.0,442.0,446.0,15900
2024-02-29,444.0,444.0,466.0,442.0,444.0,70400
2024-03-01,444.0,444.0,448.0,438.0,444.0,18000
2024-03-04,438.0,438.0,450.0,432.0,450.0,41900
2024-03-05,436.0,436.0,462.0,434.0,438.0,76800
2024-03-06,442.0,442.0,450.0,430.0,436.0,105900
2024-03-07,426.0,426.0,444.0,410.0,442.0,45200
2024-03-08,430.0,430.0,436.0,428.0,436.0,30600
2024-03-13,428.0,428.0,440.0,428.0,438.0,22000
2024-03-14,428.0,428.0,480.0,428.0,432.0,149000
2024-03-15,412.0,412.0,436.0,412.0,430.0,128400
2024-03-18,420.0,420.0,430.0,418.0,426.0,59700
2024-03-19,426.0,426.0,430.0,420.0,422.0,102900
2024-03-20,428.0,428.0,458.0,426.0,430.0,47200
2024-03-21,430.0,430.0,438.0,428.0,428.0,40100
2024-03-22,430.0,430.0,436.0,420.0,436.0,18300
2024-03-25,444.0,444.0,460.0,434.0,460.0,435300
2024-03-26,432.0,432.0,450.0,428.0,450.0,18100
2024-03-27,436.0,436.0,460.0,432.0,436.0,69800
2024-03-28,434.0,434.0,440.0,434.0,436.0,6300
2024-04-01,428.0,428.0,440.0,428.0,434.0,11700
2024-04-02,430.0,430.0,468.0,426.0,428.0,181100
2024-04-03,430.0,430.0,436.0,414.0,430.0,127700
2024-04-04,432.0,432.0,436.0,424.0,430.0,34900
2024-04-05,428.0,428.0,436.0,418.0,432.0,134000
2024-04-16,400.0,400.0,430.0,396.0,430.0,139600
2024-04-17,364.0,364.0,424.0,358.0,412.0,177700
2024-04-18,374.0,374.0,384.0,370.0,370.0,19700
2024-04-19,378.0,378.0,382.0,366.0,382.0,7100
2024-04-22,374.0,374.0,378.0,366.0,378.0,72600
2024-04-23,374.0,374.0,408.0,364.0,374.0,122400
2024-04-24,364.0,364.0,374.0,358.0,374.0,62600
2024-04-25,370.0,370.0,370.0,360.0,362.0,493200
2024-04-26,366.0,366.0,370.0,356.0,370.0,21000
2024-04-29,356.0,356.0,366.0,340.0,366.0,72900
2024-04-30,348.0,348.0,356.0,340.0,356.0,288300
2024-05-02,352.0,352.0,352.0,346.0,346.0,14100
2024-05-03,350.0,350.0,360.0,350.0,360.0,30400
2024-05-06,362.0,362.0,378.0,350.0,350.0,114000
2024-05-07,364.0,364.0,376.0,350.0,362.0,3700
2024-05-08,364.0,364.0,364.0,354.0,354.0,8500
2024-05-13,362.0,362.0,364.0,352.0,354.0,20100
2024-05-14,356.0,356.0,362.0,354.0,362.0,16000
2024-05-15,358.0,358.0,360.0,352.0,360.0,53100
2024-05-16,358.0,358.0,358.0,348.0,358.0,61300
2024-05-17,350.0,350.0,358.0,350.0,358.0,22700
2024-05-20,350.0,350.0,358.0,346.0,354.0,16200
2024-05-21,350.0,350.0,356.0,344.0,356.0,20100
2024-05-22,346.0,346.0,350.0,346.0,350.0,17300
2024-05-27,342.0,342.0,350.0,332.0,346.0,17800
2024-05-28,338.0,338.0,350.0,308.0,342.0,65300
2024-05-29,332.0,332.0,336.0,328.0,336.0,7500
2024-05-30,330.0,330.0,336.0,322.0,332.0,1900
2024-05-31,318.0,318.0,328.0,318.0,328.0,11800
2024-06-03,316.0,316.0,318.0,302.0,316.0,16100
2024-06-04,288.0,288.0,316.0,266.0,316.0,78600
2024-06-05,288.0,288.0,296.0,262.0,290.0,17400
2024-06-06,352.0,352.0,360.0,272.0,288.0,651000
2024-06-07,322.0,322.0,354.0,304.0,354.0,264700
2024-06-10,302.0,302.0,326.0,300.0,322.0,58500
2024-06-11,328.0,328.0,342.0,288.0,300.0,27500
2024-06-12,314.0,314.0,336.0,314.0,328.0,29300
2024-06-13,332.0,332.0,366.0,312.0,312.0,152900
2024-06-14,320.0,320.0,332.0,320.0,332.0,13500
2024-06-19,290.0,290.0,330.0,290.0,330.0,18500
2024-06-20,288.0,288.0,306.0,288.0,290.0,15000
2024-06-21,300.0,300.0,300.0,290.0,300.0,7300
2024-06-24,306.0,306.0,336.0,290.0,290.0,14700
2024-06-25,294.0,294.0,300.0,292.0,300.0,29000
2024-06-26,328.0,328.0,340.0,300.0,300.0,192700
2024-06-27,326.0,326.0,328.0,326.0,328.0,8000
2024-06-28,318.0,318.0,324.0,318.0,318.0,10300
2024-07-01,320.0,320.0,326.0,318.0,318.0,5000
2024-07-02,336.0,336.0,338.0,312.0,320.0,1500
2024-07-03,322.0,322.0,332.0,320.0,320.0,6100
2024-07-04,322.0,322.0,322.0,322.0,322.0,300
2024-07-05,324.0,324.0,340.0,322.0,322.0,25800
2024-07-08,324.0,324.0,326.0,324.0,324.0,4400
2024-07-09,332.0,332.0,340.0,322.0,326.0,71800
2024-07-10,332.0,332.0,344.0,328.0,338.0,32300
2024-07-11,332.0,332.0,332.0,328.0,330.0,1600
2024-07-12,334.0,334.0,334.0,316.0,332.0,85900
2024-07-15,328.0,328.0,334.0,328.0,334.0,18600
2024-07-16,328.0,328.0,336.0,328.0,328.0,11200
2024-07-17,330.0,330.0,334.0,328.0,334.0,3900
2024-07-18,330.0,330.0,330.0,324.0,330.0,6600
2024-07-19,334.0,334.0,344.0,324.0,324.0,47700
2024-07-22,330.0,330.0,338.0,328.0,334.0,12100
2024-07-23,332.0,332.0,336.0,326.0,336.0,8200
2024-07-24,328.0,328.0,332.0,326.0,326.0,7200
2024-07-25,326.0,326.0,332.0,326.0,328.0,1700
2024-07-26,328.0,328.0,332.0,328.0,332.0,2100
2024-07-29,332.0,332.0,334.0,320.0,326.0,2700
2024-07-30,328.0,328.0,332.0,328.0,332.0,6000
2024-07-31,326.0,326.0,342.0,322.0,326.0,145000
2024-08-01,318.0,318.0,326.0,314.0,326.0,41100
2024-08-02,318.0,318.0,322.0,318.0,318.0,5000
2024-08-05,314.0,314.0,318.0,302.0,318.0,17800
2024-08-06,318.0,318.0,320.0,290.0,310.0,7000
2024-08-07,320.0,320.0,320.0,314.0,318.0,1700
2024-08-08,326.0,326.0,328.0,316.0,320.0,5500
2024-08-09,324.0,324.0,326.0,316.0,326.0,3600
2024-08-12,326.0,326.0,326.0,320.0,320.0,4300
2024-08-13,322.0,322.0,322.0,316.0,322.0,9300
2024-08-14,316.0,316.0,324.0,316.0,318.0,28600
2024-08-15,316.0,316.0,316.0,300.0,316.0,9500
2024-08-16,316.0,316.0,324.0,312.0,312.0,36100
2024-08-19,320.0,320.0,324.0,312.0,324.0,25300
2024-08-20,314.0,314.0,326.0,312.0,326.0,25200
2024-08-21,322.0,322.0,324.0,316.0,316.0,8000
2024-08-22,314.0,314.0,322.0,314.0,322.0,22900
2024-08-23,316.0,316.0,324.0,316.0,324.0,5300
2024-08-26,318.0,318.0,322.0,316.0,318.0,20200
2024-08-27,320.0,320.0,320.0,312.0,320.0,20300
2024-08-28,320.0,320.0,320.0,312.0,318.0,25100
2024-08-29,304.0,304.0,318.0,304.0,318.0,8700
2024-08-30,310.0,310.0,318.0,304.0,312.0,31400
2024-09-02,306.0,306.0,310.0,294.0,310.0,23800
2024-09-03,306.0,306.0,314.0,306.0,314.0,5100
2024-09-04,306.0,306.0,308.0,306.0,308.0,11800
2024-09-05,382.0,382.0,382.0,302.0,304.0,2035900
2024-09-06,476.0,476.0,476.0,420.0,428.0,1876400
2024-09-09,400.0,400.0,570.0,386.0,525.0,1847700
2024-09-10,388.0,388.0,410.0,364.0,402.0,205500
2024-09-11,384.0,384.0,422.0,366.0,394.0,239100
2024-09-12,382.0,382.0,394.0,378.0,390.0,86300
2024-09-13,372.0,372.0,384.0,370.0,382.0,74200
2024-09-17,362.0,362.0,394.0,360.0,374.0,99200
2024-09-18,364.0,364.0,388.0,362.0,362.0,73900
2024-09-19,454.0,454.0,454.0,364.0,374.0,1631900
2024-09-20,424.0,424.0,530.0,422.0,480.0,2196500
2024-09-23,424.0,424.0,462.0,402.0,422.0,1339700
2024-09-24,416.0,416.0,446.0,392.0,430.0,616900
2024-09-25,414.0,414.0,420.0,402.0,418.0,163700
2024-09-26,404.0,404.0,414.0,400.0,414.0,44100
2024-09-27,410.0,410.0,414.0,400.0,402.0,48700
2024-09-30,418.0,418.0,420.0,398.0,410.0,97100
2024-10-01,412.0,412.0,432.0,410.0,418.0,57400
2024-10-02,414.0,414.0,456.0,404.0,410.0,413900
2024-10-03,420.0,420.0,428.0,400.0,420.0,54600
2024-10-04,410.0,410.0,420.0,398.0,420.0,26500
2024-10-07,410.0,410.0,444.0,400.0,406.0,150000
2024-10-08,410.0,410.0,414.0,406.0,414.0,13400
2024-10-09,398.0,398.0,416.0,380.0,416.0,110100
2024-10-10,400.0,400.0,416.0,390.0,398.0,72800
2024-10-11,396.0,396.0,406.0,394.0,406.0,53900
2024-10-14,404.0,404.0,414.0,392.0,396.0,89800
2024-10-15,404.0,404.0,404.0,392.0,404.0,97100
2024-10-16,404.0,404.0,418.0,398.0,398.0,27300
2024-10-17,402.0,402.0,404.0,400.0,404.0,6600
2024-10-18,402.0,402.0,404.0,392.0,400.0,35300
2024-10-21,394.0,394.0,404.0,394.0,402.0,30200
2024-10-22,398.0,398.0,402.0,394.0,402.0,8800
2024-10-23,390.0,390.0,402.0,390.0,398.0,19600
2024-10-24,390.0,390.0,402.0,390.0,390.0,10500
2024-10-25,390.0,390.0,400.0,390.0,390.0,14600
2024-10-28,388.0,388.0,390.0,380.0,390.0,16200
2024-10-29,386.0,386.0,396.0,386.0,390.0,22200
2024-10-30,396.0,396.0,396.0,388.0,394.0,13500
2024-10-31,394.0,394.0,426.0,380.0,396.0,303600
2024-11-01,390.0,390.0,402.0,390.0,394.0,10800
2024-11-04,390.0,390.0,400.0,384.0,400.0,10400
2024-11-05,386.0,386.0,400.0,386.0,390.0,16600
2024-11-06,390.0,390.0,398.0,386.0,386.0,7200
2024-11-07,394.0,394.0,396.0,380.0,384.0,16000
2024-11-08,388.0,388.0,394.0,380.0,394.0,18100
2024-11-11,380.0,380.0,390.0,380.0,390.0,5000
2024-11-12,380.0,380.0,390.0,380.0,380.0,9600
2024-11-13,390.0,390.0,390.0,350.0,386.0,26600
2024-11-14,386.0,386.0,390.0,386.0,390.0,3700
2024-11-15,384.0,384.0,386.0,366.0,386.0,3700
2024-11-18,364.0,364.0,392.0,332.0,392.0,9700
2024-11-19,370.0,370.0,384.0,364.0,364.0,15100
2024-11-20,378.0,378.0,384.0,370.0,384.0,8100
2024-11-21,378.0,378.0,378.0,374.0,378.0,3300
2024-11-22,380.0,380.0,380.0,370.0,370.0,5900
2024-11-25,388.0,388.0,392.0,378.0,392.0,7400
2024-11-26,376.0,376.0,386.0,370.0,386.0,5800
2024-11-28,388.0,388.0,422.0,368.0,376.0,470300
2024-11-29,362.0,362.0,390.0,362.0,388.0,56100
2024-12-02,360.0,360.0,362.0,352.0,362.0,14500
2024-12-03,358.0,358.0,370.0,350.0,370.0,6200
2024-12-04,354.0,354.0,358.0,352.0,358.0,6700
2024-12-05,370.0,370.0,372.0,352.0,354.0,13600
2024-12-06,380.0,380.0,388.0,368.0,368.0,6600
2024-12-09,378.0,378.0,380.0,370.0,380.0,4800
2024-12-10,378.0,378.0,396.0,370.0,378.0,116800
2024-12-11,378.0,378.0,380.0,376.0,380.0,5500
2024-12-12,374.0,374.0,384.0,374.0,376.0,2400
2024-12-13,374.0,374.0,380.0,374.0,374.0,1700
2024-12-16,360.0,360.0,374.0,360.0,374.0,4700
2024-12-17,360.0,360.0,378.0,354.0,378.0,2800
2024-12-18,362.0,362.0,372.0,348.0,360.0,9100
2024-12-19,362.0,362.0,398.0,354.0,362.0,23200
2024-12-20,360.0,360.0,362.0,360.0,362.0,600
2024-12-23,354.0,354.0,376.0,334.0,360.0,5000
2024-12-24,364.0,364.0,380.0,364.0,366.0,33300
2024-12-27,362.0,362.0,364.0,360.0,360.0,7900
2024-12-30,362.0,362.0,388.0,362.0,364.0,37500
2025-01-02,354.0,354.0,372.0,352.0,352.0,41400
2025-01-03,342.0,342.0,398.0,342.0,366.0,105900
2025-01-06,346.0,346.0,348.0,334.0,348.0,5500
2025-01-07,340.0,340.0,350.0,338.0,342.0,13900
2025-01-08,372.0,372.0,380.0,310.0,340.0,59700
2025-01-09,360.0,360.0,380.0,320.0,376.0,86700
2025-01-10,358.0,358.0,366.0,342.0,366.0,1500
2025-01-13,356.0,356.0,358.0,356.0,358.0,31500
2025-01-14,362.0,362.0,364.0,344.0,356.0,3400
2025-01-15,356.0,356.0,358.0,344.0,358.0,6700
2025-01-16,342.0,342.0,356.0,330.0,356.0,13600
2025-01-17,356.0,356.0,358.0,332.0,342.0,9900
2025-01-20,354.0,354.0,356.0,340.0,356.0,2200
2025-01-21,356.0,356.0,424.0,354.0,354.0,358200
2025-01-22,350.0,350.0,356.0,344.0,356.0,19000
2025-01-23,346.0,346.0,350.0,332.0,350.0,34900
2025-01-24,338.0,338.0,348.0,336.0,346.0,2700
2025-01-30,338.0,338.0,346.0,338.0,344.0,16800
2025-01-31,344.0,344.0,346.0,332.0,332.0,19500
2025-02-03,342.0,342.0,356.0,324.0,344.0,19500
2025-02-04,334.0,334.0,344.0,332.0,340.0,9500
2025-02-05,332.0,332.0,338.0,330.0,336.0,21600
2025-02-06,336.0,336.0,360.0,332.0,338.0,17700
2025-02-07,326.0,326.0,336.0,326.0,336.0,2000
2025-02-10,330.0,330.0,334.0,326.0,326.0,13300
2025-02-11,324.0,324.0,330.0,322.0,330.0,14200
2025-02-12,326.0,326.0,328.0,310.0,310.0,14500
2025-02-13,316.0,316.0,320.0,316.0,316.0,13700
2025-02-14,314.0,314.0,316.0,310.0,316.0,3500
2025-02-17,314.0,314.0,320.0,314.0,320.0,21000
2025-02-18,320.0,320.0,320.0,314.0,314.0,8800
2025-02-19,318.0,318.0,320.0,312.0,320.0,16300
2025-02-20,316.0,316.0,320.0,300.0,320.0,18200
2025-02-21,318.0,318.0,318.0,314.0,318.0,2300
2025-02-24,318.0,318.0,320.0,316.0,318.0,25300
2025-02-25,302.0,302.0,320.0,300.0,318.0,13600
2025-02-26,294.0,294.0,312.0,270.0,302.0,53200
2025-02-27,288.0,288.0,296.0,288.0,294.0,26700
2025-02-28,276.0,276.0,288.0,274.0,288.0,6400
2025-03-03,296.0,296.0,344.0,284.0,286.0,156600
2025-03-04,294.0,294.0,314.0,288.0,296.0,44400
2025-03-05,294.0,294.0,300.0,294.0,298.0,20700
2025-03-06,284.0,284.0,294.0,272.0,294.0,22700
2025-03-07,288.0,288.0,300.0,284.0,292.0,5900
2025-03-10,302.0,302.0,356.0,288.0,296.0,97400
2025-03-11,298.0,298.0,304.0,280.0,304.0,30100
2025-03-12,288.0,288.0,298.0,282.0,298.0,12000
2025-03-13,286.0,286.0,296.0,286.0,296.0,30400
2025-03-14,294.0,294.0,346.0,288.0,294.0,158400
2025-03-17,298.0,298.0,304.0,286.0,298.0,29400
2025-03-18,288.0,288.0,302.0,288.0,290.0,16100
2025-03-19,296.0,296.0,298.0,286.0,286.0,23600
2025-03-20,292.0,292.0,294.0,292.0,294.0,16500
2025-03-21,288.0,288.0,296.0,288.0,290.0,2400
2025-03-24,288.0,288.0,298.0,282.0,286.0,4400
2025-03-25,282.0,282.0,298.0,282.0,288.0,22300
2025-03-26,290.0,290.0,314.0,288.0,298.0,94500
2025-03-27,306.0,306.0,306.0,296.0,298.0,11700
2025-04-08,300.0,300.0,304.0,282.0,304.0,31200
2025-04-09,294.0,294.0,302.0,272.0,284.0,33800
2025-04-10,294.0,294.0,294.0,272.0,294.0,22700
2025-04-11,288.0,288.0,294.0,282.0,294.0,7400
2025-04-14,286.0,286.0,290.0,282.0,290.0,7300
2025-04-15,284.0,284.0,286.0,284.0,286.0,10400
2025-04-16,284.0,284.0,286.0,284.0,284.0,400
2025-04-17,282.0,282.0,284.0,282.0,284.0,3600
2025-04-21,286.0,286.0,286.0,280.0,280.0,2100
2025-04-22,298.0,298.0,342.0,284.0,284.0,301300
2025-04-23,310.0,310.0,336.0,282.0,310.0,36400
2025-04-24,318.0,318.0,318.0,302.0,310.0,6500
2025-04-25,318.0,318.0,328.0,314.0,318.0,19500
2025-04-28,308.0,308.0,330.0,300.0,318.0,11500
2025-04-29,308.0,308.0,310.0,306.0,308.0,7700
2025-04-30,326.0,326.0,326.0,306.0,308.0,103200
2025-05-02,310.0,310.0,322.0,308.0,310.0,7400
2025-05-05,320.0,320.0,320.0,306.0,308.0,22600
2025-05-06,320.0,320.0,322.0,320.0,322.0,14300
2025-05-07,322.0,322.0,328.0,308.0,320.0,3200
2025-05-08,312.0,312.0,324.0,310.0,312.0,11300
2025-05-09,312.0,312.0,314.0,312.0,312.0,6100
2025-05-14,306.0,306.0,312.0,306.0,312.0,1800
2025-05-15,306.0,306.0,312.0,304.0,312.0,10300
2025-05-16,314.0,314.0,314.0,310.0,310.0,7500
2025-05-19,306.0,306.0,344.0,306.0,314.0,109500
2025-05-20,310.0,310.0,318.0,306.0,308.0,2600
2025-05-21,314.0,314.0,316.0,310.0,310.0,4400
2025-05-22,310.0,310.0,314.0,306.0,314.0,8900
2025-05-23,312.0,312.0,314.0,312.0,314.0,1800
2025-05-26,318.0,318.0,318.0,312.0,312.0,6800
2025-05-27,320.0,320.0,320.0,320.0,320.0,200
2025-05-28,310.0,310.0,324.0,310.0,312.0,2900
2025-06-02,326.0,326.0,330.0,310.0,310.0,16100
2025-06-03,320.0,320.0,320.0,298.0,298.0,18400
2025-06-04,372.0,372.0,390.0,320.0,324.0,473700
2025-06-05,342.0,342.0,370.0,334.0,370.0,120200
2025-06-10,342.0,342.0,348.0,330.0,342.0,7500
2025-06-11,346.0,346.0,346.0,330.0,330.0,6100
2025-06-12,348.0,348.0,352.0,344.0,348.0,69700
2025-06-13,350.0,350.0,352.0,342.0,342.0,214100
2025-06-16,328.0,328.0,350.0,298.0,350.0,264100
2025-06-17,322.0,322.0,328.0,318.0,328.0,21600
2025-06-18,334.0,334.0,356.0,320.0,320.0,226700
2025-06-19,332.0,332.0,334.0,324.0,330.0,8400
2025-06-20,318.0,318.0,332.0,312.0,312.0,7100
2025-06-23,290.0,290.0,318.0,272.0,318.0,288500
2025-06-24,306.0,306.0,306.0,292.0,306.0,32700
2025-06-25,308.0,308.0,344.0,296.0,312.0,303000
2025-06-26,312.0,312.0,322.0,282.0,304.0,34200
2025-06-30,296.0,296.0,310.0,288.0,310.0,33000
2025-07-01,304.0,304.0,316.0,288.0,310.0,77500
2025-07-02,296.0,296.0,306.0,290.0,306.0,31600
2025-07-03,300.0,300.0,322.0,290.0,292.0,106100
2025-07-04,304.0,304.0,304.0,290.0,300.0,27200
2025-07-07,302.0,302.0,308.0,294.0,294.0,10600
2025-07-08,296.0,296.0,308.0,296.0,300.0,14000
2025-07-09,298.0,298.0,302.0,298.0,302.0,9900
2025-07-10,302.0,302.0,310.0,294.0,296.0,3500
2025-07-11,310.0,310.0,322.0,296.0,296.0,14900
2025-07-14,316.0,316.0,316.0,302.0,310.0,13000
2025-07-15,306.0,306.0,316.0,296.0,316.0,29100
2025-07-16,306.0,306.0,312.0,296.0,306.0,60000
2025-07-17,306.0,306.0,308.0,300.0,308.0,7600
2025-07-18,302.0,302.0,306.0,300.0,306.0,14200
2025-07-21,298.0,298.0,300.0,264.0,264.0,23000
2025-07-22,296.0,296.0,302.0,294.0,294.0,16800
2025-07-23,296.0,296.0,300.0,296.0,296.0,4800
2025-07-24,306.0,306.0,310.0,294.0,298.0,20900
2025-07-25,298.0,298.0,306.0,296.0,306.0,25200
2025-07-28,316.0,316.0,324.0,298.0,298.0,188000
2025-07-29,312.0,312.0,318.0,306.0,316.0,19300
2025-07-30,310.0,310.0,312.0,310.0,312.0,1200
2025-07-31,314.0,314.0,316.0,304.0,310.0,39500
2025-08-01,308.0,308.0,312.0,300.0,312.0,38500
2025-08-04,300.0,300.0,302.0,278.0,302.0,77000
2025-08-05,302.0,302.0,302.0,300.0,300.0,11800
2025-08-06,302.0,302.0,306.0,294.0,300.0,45800
2025-08-07,304.0,304.0,316.0,294.0,298.0,12900
2025-08-08,310.0,310.0,358.0,298.0,298.0,328200
2025-08-11,312.0,312.0,314.0,304.0,314.0,23600
2025-08-12,312.0,312.0,328.0,304.0,312.0,40500
2025-08-13,312.0,312.0,316.0,312.0,312.0,16800
2025-08-14,308.0,308.0,310.0,308.0,310.0,42200
2025-08-15,310.0,310.0,312.0,304.0,306.0,39500
2025-08-19,320.0,320.0,348.0,310.0,310.0,407800
2025-08-20,312.0,312.0,330.0,310.0,320.0,52800
2025-08-21,316.0,316.0,322.0,310.0,312.0,11800
2025-08-22,316.0,316.0,318.0,310.0,310.0,14100
2025-08-25,318.0,318.0,320.0,312.0,314.0,231900
2025-08-26,314.0,314.0,320.0,308.0,318.0,121400
2025-08-27,320.0,320.0,376.0,310.0,314.0,1105500
2025-08-28,322.0,322.0,350.0,316.0,320.0,255600
2025-08-29,320.0,320.0,328.0,320.0,322.0,48900
2025-09-01,304.0,304.0,332.0,300.0,326.0,58600
2025-09-02,314.0,314.0,328.0,310.0,314.0,33400
2025-09-03,318.0,318.0,328.0,314.0,320.0,65500
2025-09-04,316.0,316.0,322.0,316.0,318.0,10400
2025-09-08,312.0,312.0,320.0,300.0,316.0,9900
2025-09-09,318.0,318.0,318.0,312.0,316.0,1100
2025-09-10,314.0,314.0,320.0,314.0,318.0,6400
2025-09-11,326.0,326.0,366.0,316.0,316.0,252300
2025-09-12,324.0,324.0,330.0,316.0,320.0,19500
2025-09-15,318.0,318.0,326.0,312.0,318.0,41200
2025-09-16,318.0,318.0,318.0,316.0,318.0,11000
2025-09-17,320.0,320.0,324.0,310.0,318.0,61700
2025-09-18,310.0,310.0,320.0,310.0,316.0,36300
2025-09-19,316.0,316.0,320.0,310.0,312.0,1300
2025-09-22,322.0,322.0,352.0,316.0,316.0,185800
2025-09-23,340.0,340.0,348.0,328.0,348.0,143700
2025-09-24,336.0,336.0,348.0,330.0,340.0,61500
2025-09-25,338.0,338.0,350.0,330.0,350.0,27200
2025-09-26,326.0,326.0,380.0,316.0,380.0,435000
2025-09-29,330.0,330.0,334.0,324.0,326.0,20600
2025-09-30,328.0,328.0,332.0,324.0,328.0,16000
2025-10-01,322.0,322.0,344.0,318.0,330.0,103000
2025-10-02,336.0,336.0,340.0,332.0,334.0,130000
2025-10-03,338.0,338.0,356.0,330.0,344.0,32600
2025-10-06,334.0,334.0,340.0,330.0,340.0,13000
2025-10-07,336.0,336.0,336.0,320.0,334.0,55000
2025-10-08,326.0,326.0,334.0,322.0,334.0,19300
2025-10-09,334.0,334.0,362.0,332.0,334.0,341500
2025-10-10,340.0,340.0,358.0,334.0,358.0,63000
2025-10-13,340.0,340.0,340.0,332.0,332.0,17000
2025-10-14,328.0,328.0,340.0,324.0,340.0,21100
2025-10-15,336.0,336.0,338.0,326.0,328.0,16500
2025-10-16,338.0,338.0,338.0,328.0,336.0,47200
2025-10-17,334.0,334.0,340.0,328.0,340.0,42900
2025-10-20,344.0,344.0,346.0,330.0,334.0,43000
2025-10-21,356.0,356.0,376.0,336.0,344.0,280200
2025-10-22,362.0,362.0,366.0,352.0,356.0,187800
2025-10-23,356.0,356.0,364.0,344.0,362.0,25700
2025-10-24,356.0,356.0,360.0,344.0,356.0,15200
2025-10-27,356.0,356.0,356.0,336.0,356.0,35700
2025-10-28,368.0,368.0,396.0,346.0,350.0,494400
2025-10-29,362.0,362.0,366.0,348.0,358.0,37100
2025-10-30,360.0,360.0,364.0,348.0,364.0,10800
2025-10-31,364.0,364.0,372.0,360.0,360.0,105700
2025-11-03,366.0,366.0,370.0,362.0,364.0,18100
2025-11-04,362.0,362.0,366.0,344.0,366.0,58400
2025-11-05,366.0,366.0,392.0,344.0,362.0,2830300
2025-11-06,366.0,366.0,374.0,354.0,374.0,53400
2025-11-07,364.0,364.0,382.0,356.0,366.0,18500
2025-11-10,362.0,362.0,378.0,354.0,364.0,54700
2025-11-11,360.0,360.0,362.0,354.0,362.0,2900
2025-11-12,360.0,360.0,364.0,342.0,360.0,3000
2025-11-13,360.0,360.0,366.0,360.0,360.0,39800
2025-11-14,360.0,360.0,364.0,356.0,364.0,19000
2025-11-17,360.0,360.0,360.0,346.0,360.0,7100
2025-11-18,360.0,360.0,360.0,348.0,360.0,6300
2025-11-19,360.0,360.0,368.0,334.0,354.0,5000
2025-11-20,364.0,364.0,370.0,360.0,360.0,11900
2025-11-21,358.0,358.0,360.0,350.0,360.0,8200
2025-11-24,358.0,358.0,358.0,352.0,354.0,7400
2025-11-25,358.0,358.0,358.0,350.0,352.0,19100
2025-11-26,362.0,362.0,370.0,352.0,352.0,104000
2025-11-27,370.0,370.0,374.0,358.0,362.0,82300
2025-11-28,360.0,360.0,368.0,352.0,368.0,69800
2025-12-01,360.0,360.0,368.0,352.0,360.0,15400
2025-12-02,360.0,360.0,360.0,354.0,360.0,5900
2025-12-03,362.0,362.0,366.0,340.0,360.0,131300
2025-12-04,346.0,346.0,376.0,346.0,358.0,456400
2025-12-05,354.0,354.0,370.0,346.0,356.0,121200
2025-12-08,360.0,360.0,360.0,348.0,358.0,111300
2025-12-09,366.0,366.0,374.0,358.0,358.0,68700
2025-12-10,362.0,362.0,376.0,360.0,366.0,31900
2025-12-11,360.0,360.0,362.0,350.0,362.0,38700
2025-12-12,356.0,356.0,360.0,348.0,360.0,42300
2025-12-15,358.0,358.0,372.0,350.0,350.0,179000
2025-12-16,358.0,358.0,360.0,358.0,358.0,1000
2025-12-17,360.0,360.0,360.0,354.0,358.0,5600
2025-12-18,352.0,352.0,360.0,350.0,360.0,21800
2025-12-19,354.0,354.0,360.0,350.0,352.0,2100
2025-12-22,364.0,364.0,390.0,350.0,354.0,906200
2025-12-23,358.0,358.0,376.0,352.0,364.0,160800
2025-12-24,360.0,360.0,362.0,348.0,358.0,193100
2025-12-29,366.0,366.0,366.0,358.0,360.0,83000
2025-12-30,366.0,366.0,368.0,358.0,368.0,26100
